
INSERT INTO public.realm (id, access_code_lifespan, user_action_lifespan, access_token_lifespan, account_theme, admin_theme, email_theme, enabled, events_enabled, events_expiration, login_theme, name, not_before, password_policy, registration_allowed, remember_me, reset_password_allowed, social, ssl_required, sso_idle_timeout, sso_max_lifespan, update_profile_on_soc_login, verify_email, master_admin_client, login_lifespan, internationalization_enabled, default_locale, reg_email_as_username, admin_events_enabled, admin_events_details_enabled, edit_username_allowed, otp_policy_counter, otp_policy_window, otp_policy_period, otp_policy_digits, otp_policy_alg, otp_policy_type, browser_flow, registration_flow, direct_grant_flow, reset_credentials_flow, client_auth_flow, offline_session_idle_timeout, revoke_refresh_token, access_token_life_implicit, login_with_email_allowed, duplicate_emails_allowed, docker_auth_flow, refresh_token_max_reuse, allow_user_managed_access, sso_max_lifespan_remember_me, sso_idle_timeout_remember_me, default_role) VALUES ('master', 60, 300, 60, NULL, NULL, NULL, true, false, 0, NULL, 'master', 0, NULL, false, false, false, false, 'EXTERNAL', 1800, 36000, false, false, '6ca2a38c-c982-4acf-928e-fd625c89702e', 1800, false, NULL, false, false, false, false, 0, 1, 30, 6, 'HmacSHA1', 'totp', '0debb46f-721b-4f92-a8a2-db9ae410a637', '51be33fa-d62a-45a4-92fd-8121f7b1a51e', 'd16fb220-3b82-4b8e-8056-0914d9fc4a4b', '62c59e63-ee39-4f08-8fca-ab7fe36207d4', 'ebff63bc-130a-431b-be54-edfc605d8bde', 2592000, false, 900, true, false, 'e74cf1e5-47b8-4b10-9fbd-cfbd1346ffd3', 0, false, 0, 0, 'fbb645c6-0c5c-4024-8e9f-069b701fcece');
INSERT INTO public.authentication_flow (id, alias, description, realm_id, provider_id, top_level, built_in) VALUES ('0debb46f-721b-4f92-a8a2-db9ae410a637', 'browser', 'browser based authentication', 'master', 'basic-flow', true, true);
INSERT INTO public.authentication_flow (id, alias, description, realm_id, provider_id, top_level, built_in) VALUES ('acba4f99-2ad9-4e89-8b08-ba3a11cec58c', 'forms', 'Username, password, otp and other auth forms.', 'master', 'basic-flow', false, true);
INSERT INTO public.authentication_flow (id, alias, description, realm_id, provider_id, top_level, built_in) VALUES ('11afdbba-88c8-47f3-92f3-071b2776ab9a', 'Browser - Conditional OTP', 'Flow to determine if the OTP is required for the authentication', 'master', 'basic-flow', false, true);
INSERT INTO public.authentication_flow (id, alias, description, realm_id, provider_id, top_level, built_in) VALUES ('d16fb220-3b82-4b8e-8056-0914d9fc4a4b', 'direct grant', 'OpenID Connect Resource Owner Grant', 'master', 'basic-flow', true, true);
INSERT INTO public.authentication_flow (id, alias, description, realm_id, provider_id, top_level, built_in) VALUES ('26e46bde-386f-4daa-b03a-d41a7bd07421', 'Direct Grant - Conditional OTP', 'Flow to determine if the OTP is required for the authentication', 'master', 'basic-flow', false, true);
INSERT INTO public.authentication_flow (id, alias, description, realm_id, provider_id, top_level, built_in) VALUES ('51be33fa-d62a-45a4-92fd-8121f7b1a51e', 'registration', 'registration flow', 'master', 'basic-flow', true, true);
INSERT INTO public.authentication_flow (id, alias, description, realm_id, provider_id, top_level, built_in) VALUES ('d4158951-2e4d-4f4c-9e7a-4c5011f9709f', 'registration form', 'registration form', 'master', 'form-flow', false, true);
INSERT INTO public.authentication_flow (id, alias, description, realm_id, provider_id, top_level, built_in) VALUES ('62c59e63-ee39-4f08-8fca-ab7fe36207d4', 'reset credentials', 'Reset credentials for a user if they forgot their password or something', 'master', 'basic-flow', true, true);
INSERT INTO public.authentication_flow (id, alias, description, realm_id, provider_id, top_level, built_in) VALUES ('9cc75a21-4f73-4587-908f-949a0988ecd6', 'Reset - Conditional OTP', 'Flow to determine if the OTP should be reset or not. Set to REQUIRED to force.', 'master', 'basic-flow', false, true);
INSERT INTO public.authentication_flow (id, alias, description, realm_id, provider_id, top_level, built_in) VALUES ('ebff63bc-130a-431b-be54-edfc605d8bde', 'clients', 'Base authentication for clients', 'master', 'client-flow', true, true);
INSERT INTO public.authentication_flow (id, alias, description, realm_id, provider_id, top_level, built_in) VALUES ('29ab79d6-9e52-42a2-81c7-6ef5bfbd83ad', 'first broker login', 'Actions taken after first broker login with identity provider account, which is not yet linked to any Keycloak account', 'master', 'basic-flow', true, true);
INSERT INTO public.authentication_flow (id, alias, description, realm_id, provider_id, top_level, built_in) VALUES ('7b185e07-e06b-44d8-a05e-87b4afbff578', 'User creation or linking', 'Flow for the existing/non-existing user alternatives', 'master', 'basic-flow', false, true);
INSERT INTO public.authentication_flow (id, alias, description, realm_id, provider_id, top_level, built_in) VALUES ('85e0bdac-59b0-496d-8ff3-12d099230e32', 'Handle Existing Account', 'Handle what to do if there is existing account with same email/username like authenticated identity provider', 'master', 'basic-flow', false, true);
INSERT INTO public.authentication_flow (id, alias, description, realm_id, provider_id, top_level, built_in) VALUES ('187087dc-76f4-43b5-af8b-6b190c033ce2', 'Account verification options', 'Method with which to verity the existing account', 'master', 'basic-flow', false, true);
INSERT INTO public.authentication_flow (id, alias, description, realm_id, provider_id, top_level, built_in) VALUES ('f17c7eb6-ff16-45a9-9883-97438a52d957', 'Verify Existing Account by Re-authentication', 'Reauthentication of existing account', 'master', 'basic-flow', false, true);
INSERT INTO public.authentication_flow (id, alias, description, realm_id, provider_id, top_level, built_in) VALUES ('32679df0-d234-46d9-b783-8bdcd5ef6279', 'First broker login - Conditional OTP', 'Flow to determine if the OTP is required for the authentication', 'master', 'basic-flow', false, true);
INSERT INTO public.authentication_flow (id, alias, description, realm_id, provider_id, top_level, built_in) VALUES ('b7617355-fde5-4098-b762-1a4ce853ffbd', 'saml ecp', 'SAML ECP Profile Authentication Flow', 'master', 'basic-flow', true, true);
INSERT INTO public.authentication_flow (id, alias, description, realm_id, provider_id, top_level, built_in) VALUES ('e74cf1e5-47b8-4b10-9fbd-cfbd1346ffd3', 'docker auth', 'Used by Docker clients to authenticate against the IDP', 'master', 'basic-flow', true, true);
INSERT INTO public.authentication_flow (id, alias, description, realm_id, provider_id, top_level, built_in) VALUES ('0b0fc844-b4df-491e-a346-7ed354f138ee', 'http challenge', 'An authentication flow based on challenge-response HTTP Authentication Schemes', 'master', 'basic-flow', true, true);
INSERT INTO public.authentication_flow (id, alias, description, realm_id, provider_id, top_level, built_in) VALUES ('b07f2f8c-e4f5-4f30-bdd6-076d0d1d96a3', 'Authentication Options', 'Authentication options.', 'master', 'basic-flow', false, true);
INSERT INTO public.authentication_execution (id, alias, authenticator, realm_id, flow_id, requirement, priority, authenticator_flow, auth_flow_id, auth_config) VALUES ('e8194261-3ed5-4a97-9d7b-96606b0c1dfa', NULL, 'auth-cookie', 'master', '0debb46f-721b-4f92-a8a2-db9ae410a637', 2, 10, false, NULL, NULL);
INSERT INTO public.authentication_execution (id, alias, authenticator, realm_id, flow_id, requirement, priority, authenticator_flow, auth_flow_id, auth_config) VALUES ('a5067b2a-cca0-4e13-826c-a92dbff13c88', NULL, 'auth-spnego', 'master', '0debb46f-721b-4f92-a8a2-db9ae410a637', 3, 20, false, NULL, NULL);
INSERT INTO public.authentication_execution (id, alias, authenticator, realm_id, flow_id, requirement, priority, authenticator_flow, auth_flow_id, auth_config) VALUES ('ed27977d-46fd-492e-9dbd-c7ca2adac0ba', NULL, 'identity-provider-redirector', 'master', '0debb46f-721b-4f92-a8a2-db9ae410a637', 2, 25, false, NULL, NULL);
INSERT INTO public.authentication_execution (id, alias, authenticator, realm_id, flow_id, requirement, priority, authenticator_flow, auth_flow_id, auth_config) VALUES ('c01b56e9-8376-43f2-a80d-f6b0aef7dba8', NULL, NULL, 'master', '0debb46f-721b-4f92-a8a2-db9ae410a637', 2, 30, true, 'acba4f99-2ad9-4e89-8b08-ba3a11cec58c', NULL);
INSERT INTO public.authentication_execution (id, alias, authenticator, realm_id, flow_id, requirement, priority, authenticator_flow, auth_flow_id, auth_config) VALUES ('483f2297-8bbf-4343-9b55-da7f0849ed1c', NULL, 'auth-username-password-form', 'master', 'acba4f99-2ad9-4e89-8b08-ba3a11cec58c', 0, 10, false, NULL, NULL);
INSERT INTO public.authentication_execution (id, alias, authenticator, realm_id, flow_id, requirement, priority, authenticator_flow, auth_flow_id, auth_config) VALUES ('2c2c1492-bd11-4220-b0fa-71f5a403c60c', NULL, NULL, 'master', 'acba4f99-2ad9-4e89-8b08-ba3a11cec58c', 1, 20, true, '11afdbba-88c8-47f3-92f3-071b2776ab9a', NULL);
INSERT INTO public.authentication_execution (id, alias, authenticator, realm_id, flow_id, requirement, priority, authenticator_flow, auth_flow_id, auth_config) VALUES ('1d1db098-6c7d-43cb-b309-a67f8e8b93e6', NULL, 'conditional-user-configured', 'master', '11afdbba-88c8-47f3-92f3-071b2776ab9a', 0, 10, false, NULL, NULL);
INSERT INTO public.authentication_execution (id, alias, authenticator, realm_id, flow_id, requirement, priority, authenticator_flow, auth_flow_id, auth_config) VALUES ('1307a8e5-174a-4f2d-9f22-aa575152a820', NULL, 'auth-otp-form', 'master', '11afdbba-88c8-47f3-92f3-071b2776ab9a', 0, 20, false, NULL, NULL);
INSERT INTO public.authentication_execution (id, alias, authenticator, realm_id, flow_id, requirement, priority, authenticator_flow, auth_flow_id, auth_config) VALUES ('1678c8e4-efda-4d8e-9262-c2e63854c226', NULL, 'direct-grant-validate-username', 'master', 'd16fb220-3b82-4b8e-8056-0914d9fc4a4b', 0, 10, false, NULL, NULL);
INSERT INTO public.authentication_execution (id, alias, authenticator, realm_id, flow_id, requirement, priority, authenticator_flow, auth_flow_id, auth_config) VALUES ('4435f829-b38f-495e-8ea3-4b40c8be2ef3', NULL, 'direct-grant-validate-password', 'master', 'd16fb220-3b82-4b8e-8056-0914d9fc4a4b', 0, 20, false, NULL, NULL);
INSERT INTO public.authentication_execution (id, alias, authenticator, realm_id, flow_id, requirement, priority, authenticator_flow, auth_flow_id, auth_config) VALUES ('14ae0335-11b8-46ee-b117-c077ebcdfd82', NULL, NULL, 'master', 'd16fb220-3b82-4b8e-8056-0914d9fc4a4b', 1, 30, true, '26e46bde-386f-4daa-b03a-d41a7bd07421', NULL);
INSERT INTO public.authentication_execution (id, alias, authenticator, realm_id, flow_id, requirement, priority, authenticator_flow, auth_flow_id, auth_config) VALUES ('5c8b474f-fcec-4e56-91f6-012e687bac65', NULL, 'conditional-user-configured', 'master', '26e46bde-386f-4daa-b03a-d41a7bd07421', 0, 10, false, NULL, NULL);
INSERT INTO public.authentication_execution (id, alias, authenticator, realm_id, flow_id, requirement, priority, authenticator_flow, auth_flow_id, auth_config) VALUES ('e9038088-2093-4d3c-b030-d1402c3a7a71', NULL, 'direct-grant-validate-otp', 'master', '26e46bde-386f-4daa-b03a-d41a7bd07421', 0, 20, false, NULL, NULL);
INSERT INTO public.authentication_execution (id, alias, authenticator, realm_id, flow_id, requirement, priority, authenticator_flow, auth_flow_id, auth_config) VALUES ('736269f1-70bf-4e76-9fe9-a7ad118ada71', NULL, 'registration-page-form', 'master', '51be33fa-d62a-45a4-92fd-8121f7b1a51e', 0, 10, true, 'd4158951-2e4d-4f4c-9e7a-4c5011f9709f', NULL);
INSERT INTO public.authentication_execution (id, alias, authenticator, realm_id, flow_id, requirement, priority, authenticator_flow, auth_flow_id, auth_config) VALUES ('c03e82b1-b704-4e01-bbb2-9720576b3cf3', NULL, 'registration-user-creation', 'master', 'd4158951-2e4d-4f4c-9e7a-4c5011f9709f', 0, 20, false, NULL, NULL);
INSERT INTO public.authentication_execution (id, alias, authenticator, realm_id, flow_id, requirement, priority, authenticator_flow, auth_flow_id, auth_config) VALUES ('0d485714-f462-443d-87d6-8f3d5eaf4074', NULL, 'registration-profile-action', 'master', 'd4158951-2e4d-4f4c-9e7a-4c5011f9709f', 0, 40, false, NULL, NULL);
INSERT INTO public.authentication_execution (id, alias, authenticator, realm_id, flow_id, requirement, priority, authenticator_flow, auth_flow_id, auth_config) VALUES ('55f042f4-f7ef-4d7b-811a-cec0a6b23768', NULL, 'registration-password-action', 'master', 'd4158951-2e4d-4f4c-9e7a-4c5011f9709f', 0, 50, false, NULL, NULL);
INSERT INTO public.authentication_execution (id, alias, authenticator, realm_id, flow_id, requirement, priority, authenticator_flow, auth_flow_id, auth_config) VALUES ('2767e170-d9ef-4fbe-8f6f-9c94fc4f8886', NULL, 'registration-recaptcha-action', 'master', 'd4158951-2e4d-4f4c-9e7a-4c5011f9709f', 3, 60, false, NULL, NULL);
INSERT INTO public.authentication_execution (id, alias, authenticator, realm_id, flow_id, requirement, priority, authenticator_flow, auth_flow_id, auth_config) VALUES ('bc8515d6-bc11-4934-87f5-95f7ea5e28fe', NULL, 'reset-credentials-choose-user', 'master', '62c59e63-ee39-4f08-8fca-ab7fe36207d4', 0, 10, false, NULL, NULL);
INSERT INTO public.authentication_execution (id, alias, authenticator, realm_id, flow_id, requirement, priority, authenticator_flow, auth_flow_id, auth_config) VALUES ('e96eeabe-c590-4104-845e-10bd489aeb59', NULL, 'reset-credential-email', 'master', '62c59e63-ee39-4f08-8fca-ab7fe36207d4', 0, 20, false, NULL, NULL);
INSERT INTO public.authentication_execution (id, alias, authenticator, realm_id, flow_id, requirement, priority, authenticator_flow, auth_flow_id, auth_config) VALUES ('885a9084-9f01-4b4c-8201-3c722aa9bb77', NULL, 'reset-password', 'master', '62c59e63-ee39-4f08-8fca-ab7fe36207d4', 0, 30, false, NULL, NULL);
INSERT INTO public.authentication_execution (id, alias, authenticator, realm_id, flow_id, requirement, priority, authenticator_flow, auth_flow_id, auth_config) VALUES ('f0d9b94a-121f-41e9-97ef-9881fd8b9a44', NULL, NULL, 'master', '62c59e63-ee39-4f08-8fca-ab7fe36207d4', 1, 40, true, '9cc75a21-4f73-4587-908f-949a0988ecd6', NULL);
INSERT INTO public.authentication_execution (id, alias, authenticator, realm_id, flow_id, requirement, priority, authenticator_flow, auth_flow_id, auth_config) VALUES ('b88945e9-0522-4918-a599-4e7fa6f73e90', NULL, 'conditional-user-configured', 'master', '9cc75a21-4f73-4587-908f-949a0988ecd6', 0, 10, false, NULL, NULL);
INSERT INTO public.authentication_execution (id, alias, authenticator, realm_id, flow_id, requirement, priority, authenticator_flow, auth_flow_id, auth_config) VALUES ('752e4a4a-124d-47a8-8f62-be06386b0024', NULL, 'reset-otp', 'master', '9cc75a21-4f73-4587-908f-949a0988ecd6', 0, 20, false, NULL, NULL);
INSERT INTO public.authentication_execution (id, alias, authenticator, realm_id, flow_id, requirement, priority, authenticator_flow, auth_flow_id, auth_config) VALUES ('99485c80-4c43-4335-80e7-d82e5e8d7461', NULL, 'client-secret', 'master', 'ebff63bc-130a-431b-be54-edfc605d8bde', 2, 10, false, NULL, NULL);
INSERT INTO public.authentication_execution (id, alias, authenticator, realm_id, flow_id, requirement, priority, authenticator_flow, auth_flow_id, auth_config) VALUES ('914230b1-8c78-47ae-ac21-0e4aef8a6eae', NULL, 'client-jwt', 'master', 'ebff63bc-130a-431b-be54-edfc605d8bde', 2, 20, false, NULL, NULL);
INSERT INTO public.authentication_execution (id, alias, authenticator, realm_id, flow_id, requirement, priority, authenticator_flow, auth_flow_id, auth_config) VALUES ('c1cc261a-57ba-45c6-b60c-d750580cfe26', NULL, 'client-secret-jwt', 'master', 'ebff63bc-130a-431b-be54-edfc605d8bde', 2, 30, false, NULL, NULL);
INSERT INTO public.authentication_execution (id, alias, authenticator, realm_id, flow_id, requirement, priority, authenticator_flow, auth_flow_id, auth_config) VALUES ('30725746-2f92-4c26-84dc-e535b446d3e6', NULL, 'client-x509', 'master', 'ebff63bc-130a-431b-be54-edfc605d8bde', 2, 40, false, NULL, NULL);
INSERT INTO public.authentication_execution (id, alias, authenticator, realm_id, flow_id, requirement, priority, authenticator_flow, auth_flow_id, auth_config) VALUES ('5dac7c80-9bee-4d27-b825-16a049be3cda', NULL, 'idp-review-profile', 'master', '29ab79d6-9e52-42a2-81c7-6ef5bfbd83ad', 0, 10, false, NULL, 'a7e09836-fbe4-4e7b-a78c-ded56ff69754');
INSERT INTO public.authentication_execution (id, alias, authenticator, realm_id, flow_id, requirement, priority, authenticator_flow, auth_flow_id, auth_config) VALUES ('115e1f0f-e3a5-4558-bff1-2f4b50acebf7', NULL, NULL, 'master', '29ab79d6-9e52-42a2-81c7-6ef5bfbd83ad', 0, 20, true, '7b185e07-e06b-44d8-a05e-87b4afbff578', NULL);
INSERT INTO public.authentication_execution (id, alias, authenticator, realm_id, flow_id, requirement, priority, authenticator_flow, auth_flow_id, auth_config) VALUES ('5cb80ba3-3b63-4fa0-b3d3-08b2519a70f6', NULL, 'idp-create-user-if-unique', 'master', '7b185e07-e06b-44d8-a05e-87b4afbff578', 2, 10, false, NULL, '33ed4159-b52d-4f6c-8a56-4ab29df87e10');
INSERT INTO public.authentication_execution (id, alias, authenticator, realm_id, flow_id, requirement, priority, authenticator_flow, auth_flow_id, auth_config) VALUES ('52e72e8b-c071-4a7f-85c1-35268aa62b7e', NULL, NULL, 'master', '7b185e07-e06b-44d8-a05e-87b4afbff578', 2, 20, true, '85e0bdac-59b0-496d-8ff3-12d099230e32', NULL);
INSERT INTO public.authentication_execution (id, alias, authenticator, realm_id, flow_id, requirement, priority, authenticator_flow, auth_flow_id, auth_config) VALUES ('8ff10892-205d-4463-a957-f06943b0d860', NULL, 'idp-confirm-link', 'master', '85e0bdac-59b0-496d-8ff3-12d099230e32', 0, 10, false, NULL, NULL);
INSERT INTO public.authentication_execution (id, alias, authenticator, realm_id, flow_id, requirement, priority, authenticator_flow, auth_flow_id, auth_config) VALUES ('edbde323-66fd-48a4-9dec-6b951733b4df', NULL, NULL, 'master', '85e0bdac-59b0-496d-8ff3-12d099230e32', 0, 20, true, '187087dc-76f4-43b5-af8b-6b190c033ce2', NULL);
INSERT INTO public.authentication_execution (id, alias, authenticator, realm_id, flow_id, requirement, priority, authenticator_flow, auth_flow_id, auth_config) VALUES ('0759e782-151e-4347-ab5f-f7b147fc5bac', NULL, 'idp-email-verification', 'master', '187087dc-76f4-43b5-af8b-6b190c033ce2', 2, 10, false, NULL, NULL);
INSERT INTO public.authentication_execution (id, alias, authenticator, realm_id, flow_id, requirement, priority, authenticator_flow, auth_flow_id, auth_config) VALUES ('c341e9a6-353f-495f-9a48-b362dcc25e33', NULL, NULL, 'master', '187087dc-76f4-43b5-af8b-6b190c033ce2', 2, 20, true, 'f17c7eb6-ff16-45a9-9883-97438a52d957', NULL);
INSERT INTO public.authentication_execution (id, alias, authenticator, realm_id, flow_id, requirement, priority, authenticator_flow, auth_flow_id, auth_config) VALUES ('213c0d3d-5c16-425e-a551-df788203f63d', NULL, 'idp-username-password-form', 'master', 'f17c7eb6-ff16-45a9-9883-97438a52d957', 0, 10, false, NULL, NULL);
INSERT INTO public.authentication_execution (id, alias, authenticator, realm_id, flow_id, requirement, priority, authenticator_flow, auth_flow_id, auth_config) VALUES ('c51bd274-5fdf-4c54-b5aa-b0fccc941487', NULL, NULL, 'master', 'f17c7eb6-ff16-45a9-9883-97438a52d957', 1, 20, true, '32679df0-d234-46d9-b783-8bdcd5ef6279', NULL);
INSERT INTO public.authentication_execution (id, alias, authenticator, realm_id, flow_id, requirement, priority, authenticator_flow, auth_flow_id, auth_config) VALUES ('e1112655-90ab-457e-933f-bde3e13f9991', NULL, 'conditional-user-configured', 'master', '32679df0-d234-46d9-b783-8bdcd5ef6279', 0, 10, false, NULL, NULL);
INSERT INTO public.authentication_execution (id, alias, authenticator, realm_id, flow_id, requirement, priority, authenticator_flow, auth_flow_id, auth_config) VALUES ('c02f5a5f-d77a-45ce-abda-089be907a600', NULL, 'auth-otp-form', 'master', '32679df0-d234-46d9-b783-8bdcd5ef6279', 0, 20, false, NULL, NULL);
INSERT INTO public.authentication_execution (id, alias, authenticator, realm_id, flow_id, requirement, priority, authenticator_flow, auth_flow_id, auth_config) VALUES ('0e7c911c-52a7-4094-b07c-dc335a555785', NULL, 'http-basic-authenticator', 'master', 'b7617355-fde5-4098-b762-1a4ce853ffbd', 0, 10, false, NULL, NULL);
INSERT INTO public.authentication_execution (id, alias, authenticator, realm_id, flow_id, requirement, priority, authenticator_flow, auth_flow_id, auth_config) VALUES ('6836a78a-4f71-4eef-82da-93f375594619', NULL, 'docker-http-basic-authenticator', 'master', 'e74cf1e5-47b8-4b10-9fbd-cfbd1346ffd3', 0, 10, false, NULL, NULL);
INSERT INTO public.authentication_execution (id, alias, authenticator, realm_id, flow_id, requirement, priority, authenticator_flow, auth_flow_id, auth_config) VALUES ('d3a70059-c35c-479a-a38f-94e2097f0b4c', NULL, 'no-cookie-redirect', 'master', '0b0fc844-b4df-491e-a346-7ed354f138ee', 0, 10, false, NULL, NULL);
INSERT INTO public.authentication_execution (id, alias, authenticator, realm_id, flow_id, requirement, priority, authenticator_flow, auth_flow_id, auth_config) VALUES ('8592ff51-8077-4b31-9314-3fb8253c241f', NULL, NULL, 'master', '0b0fc844-b4df-491e-a346-7ed354f138ee', 0, 20, true, 'b07f2f8c-e4f5-4f30-bdd6-076d0d1d96a3', NULL);
INSERT INTO public.authentication_execution (id, alias, authenticator, realm_id, flow_id, requirement, priority, authenticator_flow, auth_flow_id, auth_config) VALUES ('6cd49fdb-3c26-4c62-8fab-44319277a97d', NULL, 'basic-auth', 'master', 'b07f2f8c-e4f5-4f30-bdd6-076d0d1d96a3', 0, 10, false, NULL, NULL);
INSERT INTO public.authentication_execution (id, alias, authenticator, realm_id, flow_id, requirement, priority, authenticator_flow, auth_flow_id, auth_config) VALUES ('0ed7a54f-8f07-4cbb-9500-67980579c181', NULL, 'basic-auth-otp', 'master', 'b07f2f8c-e4f5-4f30-bdd6-076d0d1d96a3', 3, 20, false, NULL, NULL);
INSERT INTO public.authentication_execution (id, alias, authenticator, realm_id, flow_id, requirement, priority, authenticator_flow, auth_flow_id, auth_config) VALUES ('5a7a2fc3-2158-44ac-88ee-f89783f5b3b6', NULL, 'auth-spnego', 'master', 'b07f2f8c-e4f5-4f30-bdd6-076d0d1d96a3', 3, 30, false, NULL, NULL);
INSERT INTO public.authenticator_config (id, alias, realm_id) VALUES ('a7e09836-fbe4-4e7b-a78c-ded56ff69754', 'review profile config', 'master');
INSERT INTO public.authenticator_config (id, alias, realm_id) VALUES ('33ed4159-b52d-4f6c-8a56-4ab29df87e10', 'create unique user config', 'master');
INSERT INTO public.authenticator_config_entry (authenticator_id, value, name) VALUES ('33ed4159-b52d-4f6c-8a56-4ab29df87e10', 'false', 'require.password.update.after.registration');
INSERT INTO public.authenticator_config_entry (authenticator_id, value, name) VALUES ('a7e09836-fbe4-4e7b-a78c-ded56ff69754', 'missing', 'update.profile.on.first.login');
INSERT INTO public.client (id, enabled, full_scope_allowed, client_id, not_before, public_client, secret, base_url, bearer_only, management_url, surrogate_auth_required, realm_id, protocol, node_rereg_timeout, frontchannel_logout, consent_required, name, service_accounts_enabled, client_authenticator_type, root_url, description, registration_token, standard_flow_enabled, implicit_flow_enabled, direct_access_grants_enabled, always_display_in_console) VALUES ('6ca2a38c-c982-4acf-928e-fd625c89702e', true, false, 'master-realm', 0, false, NULL, NULL, true, NULL, false, 'master', NULL, 0, false, false, 'master Realm', false, 'client-secret', NULL, NULL, NULL, true, false, false, false);
INSERT INTO public.client (id, enabled, full_scope_allowed, client_id, not_before, public_client, secret, base_url, bearer_only, management_url, surrogate_auth_required, realm_id, protocol, node_rereg_timeout, frontchannel_logout, consent_required, name, service_accounts_enabled, client_authenticator_type, root_url, description, registration_token, standard_flow_enabled, implicit_flow_enabled, direct_access_grants_enabled, always_display_in_console) VALUES ('6215d8e8-fe8c-46c3-8406-7dcdd83850e7', true, false, 'account', 0, true, NULL, '/realms/master/account/', false, NULL, false, 'master', 'openid-connect', 0, false, false, '${client_account}', false, 'client-secret', '${authBaseUrl}', NULL, NULL, true, false, false, false);
INSERT INTO public.client (id, enabled, full_scope_allowed, client_id, not_before, public_client, secret, base_url, bearer_only, management_url, surrogate_auth_required, realm_id, protocol, node_rereg_timeout, frontchannel_logout, consent_required, name, service_accounts_enabled, client_authenticator_type, root_url, description, registration_token, standard_flow_enabled, implicit_flow_enabled, direct_access_grants_enabled, always_display_in_console) VALUES ('7b2373a9-cb38-43c2-8d1c-a88c9a7ea991', true, false, 'account-console', 0, true, NULL, '/realms/master/account/', false, NULL, false, 'master', 'openid-connect', 0, false, false, '${client_account-console}', false, 'client-secret', '${authBaseUrl}', NULL, NULL, true, false, false, false);
INSERT INTO public.client (id, enabled, full_scope_allowed, client_id, not_before, public_client, secret, base_url, bearer_only, management_url, surrogate_auth_required, realm_id, protocol, node_rereg_timeout, frontchannel_logout, consent_required, name, service_accounts_enabled, client_authenticator_type, root_url, description, registration_token, standard_flow_enabled, implicit_flow_enabled, direct_access_grants_enabled, always_display_in_console) VALUES ('4c828ac1-7cd3-4f17-a864-55072c9692d4', true, false, 'broker', 0, false, NULL, NULL, true, NULL, false, 'master', 'openid-connect', 0, false, false, '${client_broker}', false, 'client-secret', NULL, NULL, NULL, true, false, false, false);
INSERT INTO public.client (id, enabled, full_scope_allowed, client_id, not_before, public_client, secret, base_url, bearer_only, management_url, surrogate_auth_required, realm_id, protocol, node_rereg_timeout, frontchannel_logout, consent_required, name, service_accounts_enabled, client_authenticator_type, root_url, description, registration_token, standard_flow_enabled, implicit_flow_enabled, direct_access_grants_enabled, always_display_in_console) VALUES ('56daa7e3-9305-47b7-bffc-52af35f0c83f', true, false, 'security-admin-console', 0, true, NULL, '/admin/master/console/', false, NULL, false, 'master', 'openid-connect', 0, false, false, '${client_security-admin-console}', false, 'client-secret', '${authAdminUrl}', NULL, NULL, true, false, false, false);
INSERT INTO public.client (id, enabled, full_scope_allowed, client_id, not_before, public_client, secret, base_url, bearer_only, management_url, surrogate_auth_required, realm_id, protocol, node_rereg_timeout, frontchannel_logout, consent_required, name, service_accounts_enabled, client_authenticator_type, root_url, description, registration_token, standard_flow_enabled, implicit_flow_enabled, direct_access_grants_enabled, always_display_in_console) VALUES ('712304c5-344d-4777-afc0-6e0978a1ea67', true, false, 'admin-cli', 0, true, NULL, NULL, false, NULL, false, 'master', 'openid-connect', 0, false, false, '${client_admin-cli}', false, 'client-secret', NULL, NULL, NULL, false, false, true, false);
INSERT INTO public.client_attributes (client_id, value, name) VALUES ('7b2373a9-cb38-43c2-8d1c-a88c9a7ea991', 'S256', 'pkce.code.challenge.method');
INSERT INTO public.client_attributes (client_id, value, name) VALUES ('56daa7e3-9305-47b7-bffc-52af35f0c83f', 'S256', 'pkce.code.challenge.method');
INSERT INTO public.client_scope (id, name, realm_id, description, protocol) VALUES ('d2ca20d7-abfc-482c-9b81-d7c1dd60c80a', 'offline_access', 'master', 'OpenID Connect built-in scope: offline_access', 'openid-connect');
INSERT INTO public.client_scope (id, name, realm_id, description, protocol) VALUES ('08cf5752-c971-4f5b-bfcf-b9b781708c26', 'role_list', 'master', 'SAML role list', 'saml');
INSERT INTO public.client_scope (id, name, realm_id, description, protocol) VALUES ('a68e255c-611e-4c3b-8485-cf9befbec8e4', 'profile', 'master', 'OpenID Connect built-in scope: profile', 'openid-connect');
INSERT INTO public.client_scope (id, name, realm_id, description, protocol) VALUES ('56d62800-19e0-46e9-bf49-a2160edb0eb0', 'email', 'master', 'OpenID Connect built-in scope: email', 'openid-connect');
INSERT INTO public.client_scope (id, name, realm_id, description, protocol) VALUES ('53c571b4-0967-4257-b8ec-c2ddc4f2b3d9', 'address', 'master', 'OpenID Connect built-in scope: address', 'openid-connect');
INSERT INTO public.client_scope (id, name, realm_id, description, protocol) VALUES ('f13c9094-cdce-479d-844a-ca4f6d37b698', 'phone', 'master', 'OpenID Connect built-in scope: phone', 'openid-connect');
INSERT INTO public.client_scope (id, name, realm_id, description, protocol) VALUES ('27931d2d-40b0-41da-8161-1d215687b7d5', 'roles', 'master', 'OpenID Connect scope for add user roles to the access token', 'openid-connect');
INSERT INTO public.client_scope (id, name, realm_id, description, protocol) VALUES ('ead17e43-3fef-4669-a95e-8f26ed9c16dc', 'web-origins', 'master', 'OpenID Connect scope for add allowed web origins to the access token', 'openid-connect');
INSERT INTO public.client_scope (id, name, realm_id, description, protocol) VALUES ('82c5160b-566c-4b37-84e0-4a1fad2a3f20', 'microprofile-jwt', 'master', 'Microprofile - JWT built-in scope', 'openid-connect');
INSERT INTO public.client_scope_attributes (scope_id, value, name) VALUES ('d2ca20d7-abfc-482c-9b81-d7c1dd60c80a', 'true', 'display.on.consent.screen');
INSERT INTO public.client_scope_attributes (scope_id, value, name) VALUES ('d2ca20d7-abfc-482c-9b81-d7c1dd60c80a', '${offlineAccessScopeConsentText}', 'consent.screen.text');
INSERT INTO public.client_scope_attributes (scope_id, value, name) VALUES ('08cf5752-c971-4f5b-bfcf-b9b781708c26', 'true', 'display.on.consent.screen');
INSERT INTO public.client_scope_attributes (scope_id, value, name) VALUES ('08cf5752-c971-4f5b-bfcf-b9b781708c26', '${samlRoleListScopeConsentText}', 'consent.screen.text');
INSERT INTO public.client_scope_attributes (scope_id, value, name) VALUES ('a68e255c-611e-4c3b-8485-cf9befbec8e4', 'true', 'display.on.consent.screen');
INSERT INTO public.client_scope_attributes (scope_id, value, name) VALUES ('a68e255c-611e-4c3b-8485-cf9befbec8e4', '${profileScopeConsentText}', 'consent.screen.text');
INSERT INTO public.client_scope_attributes (scope_id, value, name) VALUES ('a68e255c-611e-4c3b-8485-cf9befbec8e4', 'true', 'include.in.token.scope');
INSERT INTO public.client_scope_attributes (scope_id, value, name) VALUES ('56d62800-19e0-46e9-bf49-a2160edb0eb0', 'true', 'display.on.consent.screen');
INSERT INTO public.client_scope_attributes (scope_id, value, name) VALUES ('56d62800-19e0-46e9-bf49-a2160edb0eb0', '${emailScopeConsentText}', 'consent.screen.text');
INSERT INTO public.client_scope_attributes (scope_id, value, name) VALUES ('56d62800-19e0-46e9-bf49-a2160edb0eb0', 'true', 'include.in.token.scope');
INSERT INTO public.client_scope_attributes (scope_id, value, name) VALUES ('53c571b4-0967-4257-b8ec-c2ddc4f2b3d9', 'true', 'display.on.consent.screen');
INSERT INTO public.client_scope_attributes (scope_id, value, name) VALUES ('53c571b4-0967-4257-b8ec-c2ddc4f2b3d9', '${addressScopeConsentText}', 'consent.screen.text');
INSERT INTO public.client_scope_attributes (scope_id, value, name) VALUES ('53c571b4-0967-4257-b8ec-c2ddc4f2b3d9', 'true', 'include.in.token.scope');
INSERT INTO public.client_scope_attributes (scope_id, value, name) VALUES ('f13c9094-cdce-479d-844a-ca4f6d37b698', 'true', 'display.on.consent.screen');
INSERT INTO public.client_scope_attributes (scope_id, value, name) VALUES ('f13c9094-cdce-479d-844a-ca4f6d37b698', '${phoneScopeConsentText}', 'consent.screen.text');
INSERT INTO public.client_scope_attributes (scope_id, value, name) VALUES ('f13c9094-cdce-479d-844a-ca4f6d37b698', 'true', 'include.in.token.scope');
INSERT INTO public.client_scope_attributes (scope_id, value, name) VALUES ('27931d2d-40b0-41da-8161-1d215687b7d5', 'true', 'display.on.consent.screen');
INSERT INTO public.client_scope_attributes (scope_id, value, name) VALUES ('27931d2d-40b0-41da-8161-1d215687b7d5', '${rolesScopeConsentText}', 'consent.screen.text');
INSERT INTO public.client_scope_attributes (scope_id, value, name) VALUES ('27931d2d-40b0-41da-8161-1d215687b7d5', 'false', 'include.in.token.scope');
INSERT INTO public.client_scope_attributes (scope_id, value, name) VALUES ('ead17e43-3fef-4669-a95e-8f26ed9c16dc', 'false', 'display.on.consent.screen');
INSERT INTO public.client_scope_attributes (scope_id, value, name) VALUES ('ead17e43-3fef-4669-a95e-8f26ed9c16dc', '', 'consent.screen.text');
INSERT INTO public.client_scope_attributes (scope_id, value, name) VALUES ('ead17e43-3fef-4669-a95e-8f26ed9c16dc', 'false', 'include.in.token.scope');
INSERT INTO public.client_scope_attributes (scope_id, value, name) VALUES ('82c5160b-566c-4b37-84e0-4a1fad2a3f20', 'false', 'display.on.consent.screen');
INSERT INTO public.client_scope_attributes (scope_id, value, name) VALUES ('82c5160b-566c-4b37-84e0-4a1fad2a3f20', 'true', 'include.in.token.scope');
INSERT INTO public.client_scope_client (client_id, scope_id, default_scope) VALUES ('6215d8e8-fe8c-46c3-8406-7dcdd83850e7', '56d62800-19e0-46e9-bf49-a2160edb0eb0', true);
INSERT INTO public.client_scope_client (client_id, scope_id, default_scope) VALUES ('6215d8e8-fe8c-46c3-8406-7dcdd83850e7', 'a68e255c-611e-4c3b-8485-cf9befbec8e4', true);
INSERT INTO public.client_scope_client (client_id, scope_id, default_scope) VALUES ('6215d8e8-fe8c-46c3-8406-7dcdd83850e7', 'ead17e43-3fef-4669-a95e-8f26ed9c16dc', true);
INSERT INTO public.client_scope_client (client_id, scope_id, default_scope) VALUES ('6215d8e8-fe8c-46c3-8406-7dcdd83850e7', '27931d2d-40b0-41da-8161-1d215687b7d5', true);
INSERT INTO public.client_scope_client (client_id, scope_id, default_scope) VALUES ('6215d8e8-fe8c-46c3-8406-7dcdd83850e7', 'd2ca20d7-abfc-482c-9b81-d7c1dd60c80a', false);
INSERT INTO public.client_scope_client (client_id, scope_id, default_scope) VALUES ('6215d8e8-fe8c-46c3-8406-7dcdd83850e7', '53c571b4-0967-4257-b8ec-c2ddc4f2b3d9', false);
INSERT INTO public.client_scope_client (client_id, scope_id, default_scope) VALUES ('6215d8e8-fe8c-46c3-8406-7dcdd83850e7', 'f13c9094-cdce-479d-844a-ca4f6d37b698', false);
INSERT INTO public.client_scope_client (client_id, scope_id, default_scope) VALUES ('6215d8e8-fe8c-46c3-8406-7dcdd83850e7', '82c5160b-566c-4b37-84e0-4a1fad2a3f20', false);
INSERT INTO public.client_scope_client (client_id, scope_id, default_scope) VALUES ('7b2373a9-cb38-43c2-8d1c-a88c9a7ea991', '56d62800-19e0-46e9-bf49-a2160edb0eb0', true);
INSERT INTO public.client_scope_client (client_id, scope_id, default_scope) VALUES ('7b2373a9-cb38-43c2-8d1c-a88c9a7ea991', 'a68e255c-611e-4c3b-8485-cf9befbec8e4', true);
INSERT INTO public.client_scope_client (client_id, scope_id, default_scope) VALUES ('7b2373a9-cb38-43c2-8d1c-a88c9a7ea991', 'ead17e43-3fef-4669-a95e-8f26ed9c16dc', true);
INSERT INTO public.client_scope_client (client_id, scope_id, default_scope) VALUES ('7b2373a9-cb38-43c2-8d1c-a88c9a7ea991', '27931d2d-40b0-41da-8161-1d215687b7d5', true);
INSERT INTO public.client_scope_client (client_id, scope_id, default_scope) VALUES ('7b2373a9-cb38-43c2-8d1c-a88c9a7ea991', 'd2ca20d7-abfc-482c-9b81-d7c1dd60c80a', false);
INSERT INTO public.client_scope_client (client_id, scope_id, default_scope) VALUES ('7b2373a9-cb38-43c2-8d1c-a88c9a7ea991', '53c571b4-0967-4257-b8ec-c2ddc4f2b3d9', false);
INSERT INTO public.client_scope_client (client_id, scope_id, default_scope) VALUES ('7b2373a9-cb38-43c2-8d1c-a88c9a7ea991', 'f13c9094-cdce-479d-844a-ca4f6d37b698', false);
INSERT INTO public.client_scope_client (client_id, scope_id, default_scope) VALUES ('7b2373a9-cb38-43c2-8d1c-a88c9a7ea991', '82c5160b-566c-4b37-84e0-4a1fad2a3f20', false);
INSERT INTO public.client_scope_client (client_id, scope_id, default_scope) VALUES ('712304c5-344d-4777-afc0-6e0978a1ea67', '56d62800-19e0-46e9-bf49-a2160edb0eb0', true);
INSERT INTO public.client_scope_client (client_id, scope_id, default_scope) VALUES ('712304c5-344d-4777-afc0-6e0978a1ea67', 'a68e255c-611e-4c3b-8485-cf9befbec8e4', true);
INSERT INTO public.client_scope_client (client_id, scope_id, default_scope) VALUES ('712304c5-344d-4777-afc0-6e0978a1ea67', 'ead17e43-3fef-4669-a95e-8f26ed9c16dc', true);
INSERT INTO public.client_scope_client (client_id, scope_id, default_scope) VALUES ('712304c5-344d-4777-afc0-6e0978a1ea67', '27931d2d-40b0-41da-8161-1d215687b7d5', true);
INSERT INTO public.client_scope_client (client_id, scope_id, default_scope) VALUES ('712304c5-344d-4777-afc0-6e0978a1ea67', 'd2ca20d7-abfc-482c-9b81-d7c1dd60c80a', false);
INSERT INTO public.client_scope_client (client_id, scope_id, default_scope) VALUES ('712304c5-344d-4777-afc0-6e0978a1ea67', '53c571b4-0967-4257-b8ec-c2ddc4f2b3d9', false);
INSERT INTO public.client_scope_client (client_id, scope_id, default_scope) VALUES ('712304c5-344d-4777-afc0-6e0978a1ea67', 'f13c9094-cdce-479d-844a-ca4f6d37b698', false);
INSERT INTO public.client_scope_client (client_id, scope_id, default_scope) VALUES ('712304c5-344d-4777-afc0-6e0978a1ea67', '82c5160b-566c-4b37-84e0-4a1fad2a3f20', false);
INSERT INTO public.client_scope_client (client_id, scope_id, default_scope) VALUES ('4c828ac1-7cd3-4f17-a864-55072c9692d4', '56d62800-19e0-46e9-bf49-a2160edb0eb0', true);
INSERT INTO public.client_scope_client (client_id, scope_id, default_scope) VALUES ('4c828ac1-7cd3-4f17-a864-55072c9692d4', 'a68e255c-611e-4c3b-8485-cf9befbec8e4', true);
INSERT INTO public.client_scope_client (client_id, scope_id, default_scope) VALUES ('4c828ac1-7cd3-4f17-a864-55072c9692d4', 'ead17e43-3fef-4669-a95e-8f26ed9c16dc', true);
INSERT INTO public.client_scope_client (client_id, scope_id, default_scope) VALUES ('4c828ac1-7cd3-4f17-a864-55072c9692d4', '27931d2d-40b0-41da-8161-1d215687b7d5', true);
INSERT INTO public.client_scope_client (client_id, scope_id, default_scope) VALUES ('4c828ac1-7cd3-4f17-a864-55072c9692d4', 'd2ca20d7-abfc-482c-9b81-d7c1dd60c80a', false);
INSERT INTO public.client_scope_client (client_id, scope_id, default_scope) VALUES ('4c828ac1-7cd3-4f17-a864-55072c9692d4', '53c571b4-0967-4257-b8ec-c2ddc4f2b3d9', false);
INSERT INTO public.client_scope_client (client_id, scope_id, default_scope) VALUES ('4c828ac1-7cd3-4f17-a864-55072c9692d4', 'f13c9094-cdce-479d-844a-ca4f6d37b698', false);
INSERT INTO public.client_scope_client (client_id, scope_id, default_scope) VALUES ('4c828ac1-7cd3-4f17-a864-55072c9692d4', '82c5160b-566c-4b37-84e0-4a1fad2a3f20', false);
INSERT INTO public.client_scope_client (client_id, scope_id, default_scope) VALUES ('6ca2a38c-c982-4acf-928e-fd625c89702e', '56d62800-19e0-46e9-bf49-a2160edb0eb0', true);
INSERT INTO public.client_scope_client (client_id, scope_id, default_scope) VALUES ('6ca2a38c-c982-4acf-928e-fd625c89702e', 'a68e255c-611e-4c3b-8485-cf9befbec8e4', true);
INSERT INTO public.client_scope_client (client_id, scope_id, default_scope) VALUES ('6ca2a38c-c982-4acf-928e-fd625c89702e', 'ead17e43-3fef-4669-a95e-8f26ed9c16dc', true);
INSERT INTO public.client_scope_client (client_id, scope_id, default_scope) VALUES ('6ca2a38c-c982-4acf-928e-fd625c89702e', '27931d2d-40b0-41da-8161-1d215687b7d5', true);
INSERT INTO public.client_scope_client (client_id, scope_id, default_scope) VALUES ('6ca2a38c-c982-4acf-928e-fd625c89702e', 'd2ca20d7-abfc-482c-9b81-d7c1dd60c80a', false);
INSERT INTO public.client_scope_client (client_id, scope_id, default_scope) VALUES ('6ca2a38c-c982-4acf-928e-fd625c89702e', '53c571b4-0967-4257-b8ec-c2ddc4f2b3d9', false);
INSERT INTO public.client_scope_client (client_id, scope_id, default_scope) VALUES ('6ca2a38c-c982-4acf-928e-fd625c89702e', 'f13c9094-cdce-479d-844a-ca4f6d37b698', false);
INSERT INTO public.client_scope_client (client_id, scope_id, default_scope) VALUES ('6ca2a38c-c982-4acf-928e-fd625c89702e', '82c5160b-566c-4b37-84e0-4a1fad2a3f20', false);
INSERT INTO public.client_scope_client (client_id, scope_id, default_scope) VALUES ('56daa7e3-9305-47b7-bffc-52af35f0c83f', '56d62800-19e0-46e9-bf49-a2160edb0eb0', true);
INSERT INTO public.client_scope_client (client_id, scope_id, default_scope) VALUES ('56daa7e3-9305-47b7-bffc-52af35f0c83f', 'a68e255c-611e-4c3b-8485-cf9befbec8e4', true);
INSERT INTO public.client_scope_client (client_id, scope_id, default_scope) VALUES ('56daa7e3-9305-47b7-bffc-52af35f0c83f', 'ead17e43-3fef-4669-a95e-8f26ed9c16dc', true);
INSERT INTO public.client_scope_client (client_id, scope_id, default_scope) VALUES ('56daa7e3-9305-47b7-bffc-52af35f0c83f', '27931d2d-40b0-41da-8161-1d215687b7d5', true);
INSERT INTO public.client_scope_client (client_id, scope_id, default_scope) VALUES ('56daa7e3-9305-47b7-bffc-52af35f0c83f', 'd2ca20d7-abfc-482c-9b81-d7c1dd60c80a', false);
INSERT INTO public.client_scope_client (client_id, scope_id, default_scope) VALUES ('56daa7e3-9305-47b7-bffc-52af35f0c83f', '53c571b4-0967-4257-b8ec-c2ddc4f2b3d9', false);
INSERT INTO public.client_scope_client (client_id, scope_id, default_scope) VALUES ('56daa7e3-9305-47b7-bffc-52af35f0c83f', 'f13c9094-cdce-479d-844a-ca4f6d37b698', false);
INSERT INTO public.client_scope_client (client_id, scope_id, default_scope) VALUES ('56daa7e3-9305-47b7-bffc-52af35f0c83f', '82c5160b-566c-4b37-84e0-4a1fad2a3f20', false);
INSERT INTO public.client_scope_role_mapping (scope_id, role_id) VALUES ('d2ca20d7-abfc-482c-9b81-d7c1dd60c80a', 'bc3073b0-9dae-42ee-8954-733d4977530d');
INSERT INTO public.component (id, name, parent_id, provider_id, provider_type, realm_id, sub_type) VALUES ('3c798372-2382-4344-b2be-c39b5525ffcb', 'Trusted Hosts', 'master', 'trusted-hosts', 'org.keycloak.services.clientregistration.policy.ClientRegistrationPolicy', 'master', 'anonymous');
INSERT INTO public.component (id, name, parent_id, provider_id, provider_type, realm_id, sub_type) VALUES ('7cd84f17-a2e9-477a-aa13-7d8677bbd118', 'Consent Required', 'master', 'consent-required', 'org.keycloak.services.clientregistration.policy.ClientRegistrationPolicy', 'master', 'anonymous');
INSERT INTO public.component (id, name, parent_id, provider_id, provider_type, realm_id, sub_type) VALUES ('39512714-9b90-4435-b837-81243981788b', 'Full Scope Disabled', 'master', 'scope', 'org.keycloak.services.clientregistration.policy.ClientRegistrationPolicy', 'master', 'anonymous');
INSERT INTO public.component (id, name, parent_id, provider_id, provider_type, realm_id, sub_type) VALUES ('e94cee57-7e7c-43a8-ae01-e5b839a57da8', 'Max Clients Limit', 'master', 'max-clients', 'org.keycloak.services.clientregistration.policy.ClientRegistrationPolicy', 'master', 'anonymous');
INSERT INTO public.component (id, name, parent_id, provider_id, provider_type, realm_id, sub_type) VALUES ('b8c1e236-78eb-4587-a734-d55ff2fb2d20', 'Allowed Protocol Mapper Types', 'master', 'allowed-protocol-mappers', 'org.keycloak.services.clientregistration.policy.ClientRegistrationPolicy', 'master', 'anonymous');
INSERT INTO public.component (id, name, parent_id, provider_id, provider_type, realm_id, sub_type) VALUES ('07c22ff1-9064-43e4-977d-a5490944a65e', 'Allowed Client Scopes', 'master', 'allowed-client-templates', 'org.keycloak.services.clientregistration.policy.ClientRegistrationPolicy', 'master', 'anonymous');
INSERT INTO public.component (id, name, parent_id, provider_id, provider_type, realm_id, sub_type) VALUES ('caa90d64-6a19-4ae7-8cad-463093e95205', 'Allowed Protocol Mapper Types', 'master', 'allowed-protocol-mappers', 'org.keycloak.services.clientregistration.policy.ClientRegistrationPolicy', 'master', 'authenticated');
INSERT INTO public.component (id, name, parent_id, provider_id, provider_type, realm_id, sub_type) VALUES ('e63df747-cd55-4d33-8d77-1cc244af3bbc', 'Allowed Client Scopes', 'master', 'allowed-client-templates', 'org.keycloak.services.clientregistration.policy.ClientRegistrationPolicy', 'master', 'authenticated');
INSERT INTO public.component (id, name, parent_id, provider_id, provider_type, realm_id, sub_type) VALUES ('fabb6893-5056-4142-a251-36334fbeb811', 'rsa-generated', 'master', 'rsa-generated', 'org.keycloak.keys.KeyProvider', 'master', NULL);
INSERT INTO public.component (id, name, parent_id, provider_id, provider_type, realm_id, sub_type) VALUES ('2db6b34d-0edd-461d-89ab-afdf7dd3d564', 'rsa-enc-generated', 'master', 'rsa-enc-generated', 'org.keycloak.keys.KeyProvider', 'master', NULL);
INSERT INTO public.component (id, name, parent_id, provider_id, provider_type, realm_id, sub_type) VALUES ('1d54fce2-b169-4a7b-a3ef-c14e4d14c2a5', 'hmac-generated', 'master', 'hmac-generated', 'org.keycloak.keys.KeyProvider', 'master', NULL);
INSERT INTO public.component (id, name, parent_id, provider_id, provider_type, realm_id, sub_type) VALUES ('6660e8bc-abf0-4a13-8d8d-10617bc4a523', 'aes-generated', 'master', 'aes-generated', 'org.keycloak.keys.KeyProvider', 'master', NULL);
INSERT INTO public.component_config (id, component_id, name, value) VALUES ('1173d9d3-706c-4766-8008-16dd807273de', 'e94cee57-7e7c-43a8-ae01-e5b839a57da8', 'max-clients', '200');
INSERT INTO public.component_config (id, component_id, name, value) VALUES ('dc11df58-eaac-4341-b865-9bec58a2a979', '3c798372-2382-4344-b2be-c39b5525ffcb', 'client-uris-must-match', 'true');
INSERT INTO public.component_config (id, component_id, name, value) VALUES ('6d930f4b-20fb-4a4a-bcd6-fdeeac102f35', '3c798372-2382-4344-b2be-c39b5525ffcb', 'host-sending-registration-request-must-match', 'true');
INSERT INTO public.component_config (id, component_id, name, value) VALUES ('0a53822a-b304-46f4-9dc1-36c0d7b77782', 'e63df747-cd55-4d33-8d77-1cc244af3bbc', 'allow-default-scopes', 'true');
INSERT INTO public.component_config (id, component_id, name, value) VALUES ('70f6e2fa-4d4d-4dc2-9a6c-836f115e1a1e', 'b8c1e236-78eb-4587-a734-d55ff2fb2d20', 'allowed-protocol-mapper-types', 'oidc-full-name-mapper');
INSERT INTO public.component_config (id, component_id, name, value) VALUES ('1221aae3-e319-4026-be23-83937c1992de', 'b8c1e236-78eb-4587-a734-d55ff2fb2d20', 'allowed-protocol-mapper-types', 'oidc-address-mapper');
INSERT INTO public.component_config (id, component_id, name, value) VALUES ('47112527-b17b-4654-a1d4-5f6ed3aa0074', 'b8c1e236-78eb-4587-a734-d55ff2fb2d20', 'allowed-protocol-mapper-types', 'oidc-usermodel-property-mapper');
INSERT INTO public.component_config (id, component_id, name, value) VALUES ('8cd50f23-88b6-4c7e-99e0-1f996766c87c', 'b8c1e236-78eb-4587-a734-d55ff2fb2d20', 'allowed-protocol-mapper-types', 'oidc-sha256-pairwise-sub-mapper');
INSERT INTO public.component_config (id, component_id, name, value) VALUES ('25f2da38-6150-47ec-aeef-3d4a7065cee3', 'b8c1e236-78eb-4587-a734-d55ff2fb2d20', 'allowed-protocol-mapper-types', 'saml-role-list-mapper');
INSERT INTO public.component_config (id, component_id, name, value) VALUES ('33fc9ce0-16fd-4180-aae8-8a11f94b88b7', 'b8c1e236-78eb-4587-a734-d55ff2fb2d20', 'allowed-protocol-mapper-types', 'oidc-usermodel-attribute-mapper');
INSERT INTO public.component_config (id, component_id, name, value) VALUES ('46dae09d-505a-409f-93da-cfce22568b72', 'b8c1e236-78eb-4587-a734-d55ff2fb2d20', 'allowed-protocol-mapper-types', 'saml-user-attribute-mapper');
INSERT INTO public.component_config (id, component_id, name, value) VALUES ('87b9dba3-6902-4974-b3d7-79532630dfbc', 'b8c1e236-78eb-4587-a734-d55ff2fb2d20', 'allowed-protocol-mapper-types', 'saml-user-property-mapper');
INSERT INTO public.component_config (id, component_id, name, value) VALUES ('f398e00c-c507-49a5-96ee-9c28ca9031de', 'caa90d64-6a19-4ae7-8cad-463093e95205', 'allowed-protocol-mapper-types', 'oidc-usermodel-property-mapper');
INSERT INTO public.component_config (id, component_id, name, value) VALUES ('31c6904a-2b93-406c-897c-bc574b00c6d0', 'caa90d64-6a19-4ae7-8cad-463093e95205', 'allowed-protocol-mapper-types', 'oidc-address-mapper');
INSERT INTO public.component_config (id, component_id, name, value) VALUES ('16e95894-ffa1-46ca-a97a-f29d2bd28498', 'caa90d64-6a19-4ae7-8cad-463093e95205', 'allowed-protocol-mapper-types', 'oidc-usermodel-attribute-mapper');
INSERT INTO public.component_config (id, component_id, name, value) VALUES ('3259d84a-9f7c-402d-a5ba-c64b7b314c49', 'caa90d64-6a19-4ae7-8cad-463093e95205', 'allowed-protocol-mapper-types', 'saml-role-list-mapper');
INSERT INTO public.component_config (id, component_id, name, value) VALUES ('7a78544d-ef74-4a0a-8c38-0b3243e0481a', 'caa90d64-6a19-4ae7-8cad-463093e95205', 'allowed-protocol-mapper-types', 'saml-user-property-mapper');
INSERT INTO public.component_config (id, component_id, name, value) VALUES ('f60d97ec-9329-4900-bc10-d1939f8abf23', 'caa90d64-6a19-4ae7-8cad-463093e95205', 'allowed-protocol-mapper-types', 'oidc-full-name-mapper');
INSERT INTO public.component_config (id, component_id, name, value) VALUES ('e2bd7add-ed73-4beb-9d72-2acb69c2fda9', 'caa90d64-6a19-4ae7-8cad-463093e95205', 'allowed-protocol-mapper-types', 'oidc-sha256-pairwise-sub-mapper');
INSERT INTO public.component_config (id, component_id, name, value) VALUES ('da6c0f59-1ce9-4d26-8e24-b422d100c2db', 'caa90d64-6a19-4ae7-8cad-463093e95205', 'allowed-protocol-mapper-types', 'saml-user-attribute-mapper');
INSERT INTO public.component_config (id, component_id, name, value) VALUES ('228eec50-5063-4310-92ee-a2833d9b3936', '07c22ff1-9064-43e4-977d-a5490944a65e', 'allow-default-scopes', 'true');
INSERT INTO public.component_config (id, component_id, name, value) VALUES ('9786f7a9-e72d-4646-bdb4-deca3a6a06cd', '6660e8bc-abf0-4a13-8d8d-10617bc4a523', 'secret', 'CxJodvkE9u33xCLHcvGC2g');
INSERT INTO public.component_config (id, component_id, name, value) VALUES ('7698f390-9586-4a2c-8883-423ef544561c', '6660e8bc-abf0-4a13-8d8d-10617bc4a523', 'kid', 'c74606fd-fc01-49d2-8df0-dfa122650b8e');
INSERT INTO public.component_config (id, component_id, name, value) VALUES ('4c3689f6-352f-4e3e-b499-befe6022b9ce', '6660e8bc-abf0-4a13-8d8d-10617bc4a523', 'priority', '100');
INSERT INTO public.component_config (id, component_id, name, value) VALUES ('8198e830-90f0-418b-8635-86dbfcba47a0', '2db6b34d-0edd-461d-89ab-afdf7dd3d564', 'privateKey', 'MIIEowIBAAKCAQEAnVXku925eC9SynFEu/KUzEiHub2jlkxn532U0/6xLE9PEc5kdq0/vV/53XoT0vinryPLAMdEOuKzJaXN3EGyK9CeTk3fB8bhcyu5wKVR/jpPxPdGYYKet3YJfnB1kXmwiEDbBmGTzNELxJ5EGo2Z9SyUsWlPxwkEHnlDGi62LJroHv/ebcS1AR8dk0D3QSRTRL9JM299r9Gfd/YDKcy1MsrkY9MW5e4cXhwbl1A6PxQ8PpjS960FgR05LxVD8lMcNum9EPZf4Qwbv8XoRmHL+W/QYVSu7u588maxU13oSjbTGoYNFD0NLi37dSepF+Q3Ahu+HHX25gUKPGbO3cdTuwIDAQABAoIBAEnGHszgeLkcJ4v5dKtUYeUwFURI4c314bqwLfsBr/4A6iiFSKJFNmAMAtORDH6eTbJX7DZfOWULK8l5Z3/h5jOZTMGWzf+Nh+VDGYR1gG7e1Myczgmm/9kypdz9yoL+NoKNNqZVVsJxOz1koLZ6szg9QTO3F8tSNPY9EfPS92UOOAuNHZ5sgTLn0pW1eSEF0r3sojkESpDtyKOtGfU7tzcC/fAaeevIvoWXKr/S2O+GXumUId5e9D/UqL2nMoiuJtfvrs5euhLcBknhhb/i65ENk4OXQXG7XvRkUTh9jWkTw9aQrfgO+42zpJOluCVD2yP1PoCUSmUVgqXjZNi3cAECgYEA5B2W9CbY+s6bnj7ww0q8plrAZpnGNvtIlEUSR487jq7D9vrSZqGYwGsfsBrWXnTT+mVYKwnVZ51/X3jX/5c/hFdGdqfQIKVNteu2oiUt4zjHFkBCxCR0O+kuY+JUraTU2eWhep/aPPQhnYfKxFvSFHD2YCsplcxUgKUrPRtNXAECgYEAsJFi+Ve23UYunNLa3hYaeB3eByhtWWOTT4fyh/N9outO8i7NMD1hUcQv6ryO+ospILW42tMxrqkT/ZS3qLDXyIpT7ZKSuYOAvdm53xn7nYtAErUQvgORn8HVI1T0li16hkZMrwoHg1RUbKlh7UpTE8G11TBFcKrLDDhL7LIhH7sCgYBcThjiLMIKIwZXb1KPQ7O4gOpv2fOaFe5ViOmPqUbJQrCrRO1UeDlOS0qkQQfTauTH4rBdofoHlnSPFmAY3YPnMkWiB9+xBhK+9WWOkQrTcgslVtVtdu7Nu1p5MoFfTl6O2VuROhPeLE9Z5jPHZvxIJzmaynxmUCs1byBi9qREAQKBgDsMU/opEFmNp/cAOPu+jpmO+3qPVYpoV5JoV36JuoFqihtJ9YrlbA9pOdEZwAMf2OA8hZaAvIO5vZq3Snhas784K3su4myyArL7BkMLMG9uaz4WWYQCM4gmzX2kYqt6iBgxmGGNTBfqctVoC/zMN15LEOE75G0aYQ80IIgGxjcTAoGBAK446BMOtkWqxYpFK1YGVWUT15LDl/OXgYvk3ALykld14EDHU4nPAx8YMspWyM4N0LXop5kv+OwpSaH/EM+/qEW2g6qvj4P1MklGcRjUufBD42PSJJztGSlG1g/5IQKdi5LXmF4cwdgVtIB3eqQXtpXdRjq0zdN1QuuyV38mxJsG');
INSERT INTO public.component_config (id, component_id, name, value) VALUES ('72bac945-d1d8-4cb6-8f43-56f40c0ca64c', '2db6b34d-0edd-461d-89ab-afdf7dd3d564', 'priority', '100');
INSERT INTO public.component_config (id, component_id, name, value) VALUES ('71bd7b17-9efa-4c03-9e21-21cbee969843', '2db6b34d-0edd-461d-89ab-afdf7dd3d564', 'keyUse', 'ENC');
INSERT INTO public.component_config (id, component_id, name, value) VALUES ('984e31bf-c635-4a59-89fa-ea4d882018c5', '2db6b34d-0edd-461d-89ab-afdf7dd3d564', 'certificate', 'MIICmzCCAYMCBgF/vZS0hzANBgkqhkiG9w0BAQsFADARMQ8wDQYDVQQDDAZtYXN0ZXIwHhcNMjIwMzI0MjAxNjUzWhcNMzIwMzI0MjAxODMzWjARMQ8wDQYDVQQDDAZtYXN0ZXIwggEiMA0GCSqGSIb3DQEBAQUAA4IBDwAwggEKAoIBAQCdVeS73bl4L1LKcUS78pTMSIe5vaOWTGfnfZTT/rEsT08RzmR2rT+9X/ndehPS+KevI8sAx0Q64rMlpc3cQbIr0J5OTd8HxuFzK7nApVH+Ok/E90Zhgp63dgl+cHWRebCIQNsGYZPM0QvEnkQajZn1LJSxaU/HCQQeeUMaLrYsmuge/95txLUBHx2TQPdBJFNEv0kzb32v0Z939gMpzLUyyuRj0xbl7hxeHBuXUDo/FDw+mNL3rQWBHTkvFUPyUxw26b0Q9l/hDBu/xehGYcv5b9BhVK7u7nzyZrFTXehKNtMahg0UPQ0uLft1J6kX5DcCG74cdfbmBQo8Zs7dx1O7AgMBAAEwDQYJKoZIhvcNAQELBQADggEBADrBNjRYXIcJ3+WTUIx++x+uiW2hcO4xBlgDrlq9AXsR9skd4NU5lXWVdu4BOarRdVHEMrAygg5ztS5hnoWZwuYpzg0S5jchwPMUdbdN7sd412U+pqB/SniTkOoheEaMTMNUNVCJ291tSjEBWyyDwf2NUeQqbjcqYi62WtXSOQV2qioYp1D85oj+8bUDzbhWyAcdBs1Om/mCHdMikY4Uffmct/GXF6U5uXK61Pq2D5xibhUZw30yEBPc4y2MpC0gusy5MP+1TGX+aFSuitgGSnBU1HSQB4yzl/5g3nOHTsp/j4S9wmJpfNtqlrUc0Q5VDrESWVhdyopMWBR46dzxvec=');
INSERT INTO public.component_config (id, component_id, name, value) VALUES ('488d1aac-c1c4-490a-864e-d403057d5faf', '2db6b34d-0edd-461d-89ab-afdf7dd3d564', 'algorithm', 'RSA-OAEP');
INSERT INTO public.component_config (id, component_id, name, value) VALUES ('8c6a4f56-94c9-468d-b774-d612a112f6f9', '1d54fce2-b169-4a7b-a3ef-c14e4d14c2a5', 'kid', '88324693-b4a7-400a-8980-0379189438c5');
INSERT INTO public.component_config (id, component_id, name, value) VALUES ('5fc4989f-f60b-4ed6-a0b1-0f36ec195acc', '1d54fce2-b169-4a7b-a3ef-c14e4d14c2a5', 'algorithm', 'HS256');
INSERT INTO public.component_config (id, component_id, name, value) VALUES ('5cdc8d77-2e72-4fda-877e-97121353226f', '1d54fce2-b169-4a7b-a3ef-c14e4d14c2a5', 'priority', '100');
INSERT INTO public.component_config (id, component_id, name, value) VALUES ('0de612dd-89ff-403b-b523-801606859e20', '1d54fce2-b169-4a7b-a3ef-c14e4d14c2a5', 'secret', 'yNK8xbvuIzjNevR8xcLkfjMOegLk-xxtZMrEVV-jQF9qcIGtsAQ2zT1rF-IH2vwmWY-ZdFEQ6gIrdoJc83XTmg');
INSERT INTO public.component_config (id, component_id, name, value) VALUES ('77c01daf-0d5b-498c-95c8-0dfd6df21684', 'fabb6893-5056-4142-a251-36334fbeb811', 'keyUse', 'SIG');
INSERT INTO public.component_config (id, component_id, name, value) VALUES ('18a34742-58d8-48f8-b663-b5b6650d3774', 'fabb6893-5056-4142-a251-36334fbeb811', 'privateKey', 'MIIEowIBAAKCAQEAgmmDptQXl5T24DLGsV9hM7b3QveMMft30yf2Vf0AllamEuZqYZ3qJdVtcr0Bq42/swJpBeWIGisC+8n1lSv044UWCKZQ0Nm8e7TYqdW6Ura6keYA1MKXaZrwLLtXQJ+1MvA4y0+hKGZt32gKCGIPfc9DPE8dMbOE0zH185ZqtdmErCeX+gkKYNs7edVu+ZY00GqVOWYufEiJiGS5+6FjI5PXGBaTRE+ejUaZE8SuDyDiEAfC1TFKa9BC+I4wtGUPETn/751HNTYV8L+TfM3BNZ6sx74HLsBrri4/hX7UUsxInzWnAduOoO+2EWlKFeHxpjvjULcWkW0kyQsw7GDSUQIDAQABAoIBADVGDTXVZl3RyJgFpg1HPVn24ENHBMpWQ7jKlmLCG79OXkFSRxrhe4lBCpjYhRojqa/iyCxUe6jU8T8SXXQ2pK9c6odWCaWHjOusEOYwHRE0/Doljyla5KeLV5muXhJUK51HbKwBN4Bdd3zP72lFRbbLOFgmqXJoN1ZfDm4XgDgQskDYJzgH04B59aGgxRcvKOlXiOk79a3cP4E3//PyOlKbbR9L5saeugswbqZBATEwv31k4ltTGLPC9SzncMxRJ4lO5POBcmZT+h9rbpq9M/KgZ9RWPYEquUsgeoZ2cZj1osWZ3GRPdrI/CxNAPC84OUUH+RCjaoZCAw+e9jVxHdECgYEAu3yQ6RARkpgYx6uSNo7Gwvkie2gCSVhF6a/frUwAN5HlL2RuHRVB/yDKN36DFMKxIEsqwKpKeJsI4Ib7SiTT0F81oFs5ge6j1IpHwrf9JiWtxOkRPPuSzwPcUtQen5ktvc/HDItA+VSHD2ZCKIldpNL93HtKF2TU1GmZJOEvNgcCgYEAshGd35phOwrDY3BqPxx5YjsH0jVnHk4uLUa4NySS636AuIFZ1x7l1mhLBcKL2GNn1TebQs5m4HADKJzT1L03yDcGCOJ4mRmuvyFWXdkqRhMmi6UDmOcZUQeNznyBrFXMBdN6+hpjF/C/bNo+bhcWtleIjcUgi5HpRjikSeNr3ucCgYBx4PyoA7GYyDes+EKsTtbd0LOoH4ncAPkeM0x6l4I+Pqjlu2vC0ImwrLsHMBnwfz1VLzL9qbHoRcsDjhmOdIYPt/T7vM1WZZwvWfqyhE0IYbSFuUdWMjx+74pg6STcrg8BjvYJYYAKsdQDf4pJ0v4FQn8d7+kWApHfn3B83SZu+wKBgQCYWrxSGZuBUcc1KHSvROSSaGFbuLde1ZNqx6xL+e3+sYDe3EWK6nPKC/fMmNTgMsUfR/F+qmyZMR1yvSP9TFwS4Qk3xtVaYQADpjloGKuzwyTirDA0vd4KV0U8W4jzc4EZpwT8QmFwlVqjfuOVfAnBv4kli3k6EYCexU3DrmKYFwKBgGR36JYpO/mfVm9KdZtJWVJ5aOWstezfB+HnIZkPvD+dr9rcjF7TK8bHhR1sj38hlLroTatx6gR+dNe+EKueI2b7LYqYzk4owOvUU5Unm3qoiTGZlSFSPCuNP3CePLVuWKygblrJd+rDf3ORq0t7YntDkJLaEzJXGcNuk1d/zXs5');
INSERT INTO public.component_config (id, component_id, name, value) VALUES ('8f2445ac-891e-482b-924a-25e7cf545ae5', 'fabb6893-5056-4142-a251-36334fbeb811', 'certificate', 'MIICmzCCAYMCBgF/vZS0LjANBgkqhkiG9w0BAQsFADARMQ8wDQYDVQQDDAZtYXN0ZXIwHhcNMjIwMzI0MjAxNjUzWhcNMzIwMzI0MjAxODMzWjARMQ8wDQYDVQQDDAZtYXN0ZXIwggEiMA0GCSqGSIb3DQEBAQUAA4IBDwAwggEKAoIBAQCCaYOm1BeXlPbgMsaxX2EztvdC94wx+3fTJ/ZV/QCWVqYS5mphneol1W1yvQGrjb+zAmkF5YgaKwL7yfWVK/TjhRYIplDQ2bx7tNip1bpStrqR5gDUwpdpmvAsu1dAn7Uy8DjLT6EoZm3faAoIYg99z0M8Tx0xs4TTMfXzlmq12YSsJ5f6CQpg2zt51W75ljTQapU5Zi58SImIZLn7oWMjk9cYFpNET56NRpkTxK4PIOIQB8LVMUpr0EL4jjC0ZQ8ROf/vnUc1NhXwv5N8zcE1nqzHvgcuwGuuLj+FftRSzEifNacB246g77YRaUoV4fGmO+NQtxaRbSTJCzDsYNJRAgMBAAEwDQYJKoZIhvcNAQELBQADggEBAFPnsepQGFfloojK4lc/S1LU8BB7stnd9OFIBqz1aeTQ2Kwv4sHCSJ9O/7c7UbXf38u2kZ1KhsHAxW7xLCl897tif/zKsxcSswJNWopQJB79DNnbC6wmn9fh1sWtwcI6SmNkIyUUCcAiaoD764ifywD3zWRn9L1RTgABZSQZWUxZdzQIa0lU7W6T72pXtWY+EUUv4wK4sj+LEp0Qlu6CjPv4jmgJn/K9iyiOgCNEDQGasJj0aBRsZPqiyflFE8QOvGPg97ZY2oQ+tLRklj63pbwZWty+RbvmocwCYNMHO0VFLxFJa3uQNwPavwwVJH/jNtKfjx2evX2IrBFK0gJ4aQo=');
INSERT INTO public.component_config (id, component_id, name, value) VALUES ('ecd78ec7-7638-4911-bc50-e5bdaf25da1c', 'fabb6893-5056-4142-a251-36334fbeb811', 'priority', '100');
INSERT INTO public.keycloak_role (id, client_realm_constraint, client_role, description, name, realm_id, client, realm) VALUES ('fbb645c6-0c5c-4024-8e9f-069b701fcece', 'master', false, '${role_default-roles}', 'default-roles-master', 'master', NULL, NULL);
INSERT INTO public.keycloak_role (id, client_realm_constraint, client_role, description, name, realm_id, client, realm) VALUES ('5aeaec32-f12c-45c0-b59b-65b8631d1fa0', 'master', false, '${role_admin}', 'admin', 'master', NULL, NULL);
INSERT INTO public.keycloak_role (id, client_realm_constraint, client_role, description, name, realm_id, client, realm) VALUES ('f4eeeb63-57d9-4545-b049-26a486a0d159', 'master', false, '${role_create-realm}', 'create-realm', 'master', NULL, NULL);
INSERT INTO public.keycloak_role (id, client_realm_constraint, client_role, description, name, realm_id, client, realm) VALUES ('795ab05d-233a-4179-81ae-71ac6142638b', '6ca2a38c-c982-4acf-928e-fd625c89702e', true, '${role_create-client}', 'create-client', 'master', '6ca2a38c-c982-4acf-928e-fd625c89702e', NULL);
INSERT INTO public.keycloak_role (id, client_realm_constraint, client_role, description, name, realm_id, client, realm) VALUES ('8e242155-fd61-4339-9f2b-51dfe2195a0a', '6ca2a38c-c982-4acf-928e-fd625c89702e', true, '${role_view-realm}', 'view-realm', 'master', '6ca2a38c-c982-4acf-928e-fd625c89702e', NULL);
INSERT INTO public.keycloak_role (id, client_realm_constraint, client_role, description, name, realm_id, client, realm) VALUES ('b2856f16-e4a8-4530-9054-02445091fe4f', '6ca2a38c-c982-4acf-928e-fd625c89702e', true, '${role_view-users}', 'view-users', 'master', '6ca2a38c-c982-4acf-928e-fd625c89702e', NULL);
INSERT INTO public.keycloak_role (id, client_realm_constraint, client_role, description, name, realm_id, client, realm) VALUES ('18c422e1-1d10-47a1-a889-f56a82f5a3d7', '6ca2a38c-c982-4acf-928e-fd625c89702e', true, '${role_view-clients}', 'view-clients', 'master', '6ca2a38c-c982-4acf-928e-fd625c89702e', NULL);
INSERT INTO public.keycloak_role (id, client_realm_constraint, client_role, description, name, realm_id, client, realm) VALUES ('52052d9e-094e-425d-acb7-d1ff7965b82a', '6ca2a38c-c982-4acf-928e-fd625c89702e', true, '${role_view-events}', 'view-events', 'master', '6ca2a38c-c982-4acf-928e-fd625c89702e', NULL);
INSERT INTO public.keycloak_role (id, client_realm_constraint, client_role, description, name, realm_id, client, realm) VALUES ('d0804313-ef4d-4170-af51-03cad1d1786d', '6ca2a38c-c982-4acf-928e-fd625c89702e', true, '${role_view-identity-providers}', 'view-identity-providers', 'master', '6ca2a38c-c982-4acf-928e-fd625c89702e', NULL);
INSERT INTO public.keycloak_role (id, client_realm_constraint, client_role, description, name, realm_id, client, realm) VALUES ('3a20b3e3-baf1-4989-b79e-534dde45c974', '6ca2a38c-c982-4acf-928e-fd625c89702e', true, '${role_view-authorization}', 'view-authorization', 'master', '6ca2a38c-c982-4acf-928e-fd625c89702e', NULL);
INSERT INTO public.keycloak_role (id, client_realm_constraint, client_role, description, name, realm_id, client, realm) VALUES ('ac3ade3f-6d19-44a1-92de-c35527065cbb', '6ca2a38c-c982-4acf-928e-fd625c89702e', true, '${role_manage-realm}', 'manage-realm', 'master', '6ca2a38c-c982-4acf-928e-fd625c89702e', NULL);
INSERT INTO public.keycloak_role (id, client_realm_constraint, client_role, description, name, realm_id, client, realm) VALUES ('09226709-9181-4b52-b6ce-8c6ce3a6d09b', '6ca2a38c-c982-4acf-928e-fd625c89702e', true, '${role_manage-users}', 'manage-users', 'master', '6ca2a38c-c982-4acf-928e-fd625c89702e', NULL);
INSERT INTO public.keycloak_role (id, client_realm_constraint, client_role, description, name, realm_id, client, realm) VALUES ('8d6e4dbf-6eec-4e43-ad3c-523a87a97a87', '6ca2a38c-c982-4acf-928e-fd625c89702e', true, '${role_manage-clients}', 'manage-clients', 'master', '6ca2a38c-c982-4acf-928e-fd625c89702e', NULL);
INSERT INTO public.keycloak_role (id, client_realm_constraint, client_role, description, name, realm_id, client, realm) VALUES ('42b72a18-5fc3-4a4f-8bb1-3fd60db8fad6', '6ca2a38c-c982-4acf-928e-fd625c89702e', true, '${role_manage-events}', 'manage-events', 'master', '6ca2a38c-c982-4acf-928e-fd625c89702e', NULL);
INSERT INTO public.keycloak_role (id, client_realm_constraint, client_role, description, name, realm_id, client, realm) VALUES ('f629d4fc-9fe8-4938-8ae8-8640d0388d42', '6ca2a38c-c982-4acf-928e-fd625c89702e', true, '${role_manage-identity-providers}', 'manage-identity-providers', 'master', '6ca2a38c-c982-4acf-928e-fd625c89702e', NULL);
INSERT INTO public.keycloak_role (id, client_realm_constraint, client_role, description, name, realm_id, client, realm) VALUES ('aefc6879-164c-49e9-b4f3-2f26dd455c2f', '6ca2a38c-c982-4acf-928e-fd625c89702e', true, '${role_manage-authorization}', 'manage-authorization', 'master', '6ca2a38c-c982-4acf-928e-fd625c89702e', NULL);
INSERT INTO public.keycloak_role (id, client_realm_constraint, client_role, description, name, realm_id, client, realm) VALUES ('d3b3cde1-3b25-46a0-a0c4-52bc9879c150', '6ca2a38c-c982-4acf-928e-fd625c89702e', true, '${role_query-users}', 'query-users', 'master', '6ca2a38c-c982-4acf-928e-fd625c89702e', NULL);
INSERT INTO public.keycloak_role (id, client_realm_constraint, client_role, description, name, realm_id, client, realm) VALUES ('a3246786-cea3-4f32-87e5-964a9e176522', '6ca2a38c-c982-4acf-928e-fd625c89702e', true, '${role_query-clients}', 'query-clients', 'master', '6ca2a38c-c982-4acf-928e-fd625c89702e', NULL);
INSERT INTO public.keycloak_role (id, client_realm_constraint, client_role, description, name, realm_id, client, realm) VALUES ('7b7b7338-cbac-442f-b1fb-b149bf118e0a', '6ca2a38c-c982-4acf-928e-fd625c89702e', true, '${role_query-realms}', 'query-realms', 'master', '6ca2a38c-c982-4acf-928e-fd625c89702e', NULL);
INSERT INTO public.keycloak_role (id, client_realm_constraint, client_role, description, name, realm_id, client, realm) VALUES ('f99258e9-263d-4145-9e83-7bdbcc5436f5', '6ca2a38c-c982-4acf-928e-fd625c89702e', true, '${role_query-groups}', 'query-groups', 'master', '6ca2a38c-c982-4acf-928e-fd625c89702e', NULL);
INSERT INTO public.keycloak_role (id, client_realm_constraint, client_role, description, name, realm_id, client, realm) VALUES ('527ecf2c-47b2-4b76-9a24-0a7b25893f7c', '6215d8e8-fe8c-46c3-8406-7dcdd83850e7', true, '${role_view-profile}', 'view-profile', 'master', '6215d8e8-fe8c-46c3-8406-7dcdd83850e7', NULL);
INSERT INTO public.keycloak_role (id, client_realm_constraint, client_role, description, name, realm_id, client, realm) VALUES ('e60b6b42-7eed-4b67-affb-73aebfc3df67', '6215d8e8-fe8c-46c3-8406-7dcdd83850e7', true, '${role_manage-account}', 'manage-account', 'master', '6215d8e8-fe8c-46c3-8406-7dcdd83850e7', NULL);
INSERT INTO public.keycloak_role (id, client_realm_constraint, client_role, description, name, realm_id, client, realm) VALUES ('01677caa-99f3-4f8d-942e-aec64db2c4d6', '6215d8e8-fe8c-46c3-8406-7dcdd83850e7', true, '${role_manage-account-links}', 'manage-account-links', 'master', '6215d8e8-fe8c-46c3-8406-7dcdd83850e7', NULL);
INSERT INTO public.keycloak_role (id, client_realm_constraint, client_role, description, name, realm_id, client, realm) VALUES ('5a019373-c7e5-4e92-9594-3750858aecc1', '6215d8e8-fe8c-46c3-8406-7dcdd83850e7', true, '${role_view-applications}', 'view-applications', 'master', '6215d8e8-fe8c-46c3-8406-7dcdd83850e7', NULL);
INSERT INTO public.keycloak_role (id, client_realm_constraint, client_role, description, name, realm_id, client, realm) VALUES ('690a39f3-6b57-4494-845c-8f53d2bb01b0', '6215d8e8-fe8c-46c3-8406-7dcdd83850e7', true, '${role_view-consent}', 'view-consent', 'master', '6215d8e8-fe8c-46c3-8406-7dcdd83850e7', NULL);
INSERT INTO public.keycloak_role (id, client_realm_constraint, client_role, description, name, realm_id, client, realm) VALUES ('a2497d6d-d8c3-479a-b1b0-8f3a9624b6c1', '6215d8e8-fe8c-46c3-8406-7dcdd83850e7', true, '${role_manage-consent}', 'manage-consent', 'master', '6215d8e8-fe8c-46c3-8406-7dcdd83850e7', NULL);
INSERT INTO public.keycloak_role (id, client_realm_constraint, client_role, description, name, realm_id, client, realm) VALUES ('097b2726-c42b-4508-95e6-e3502b660af5', '6215d8e8-fe8c-46c3-8406-7dcdd83850e7', true, '${role_delete-account}', 'delete-account', 'master', '6215d8e8-fe8c-46c3-8406-7dcdd83850e7', NULL);
INSERT INTO public.keycloak_role (id, client_realm_constraint, client_role, description, name, realm_id, client, realm) VALUES ('9811db22-a5b3-4e2f-b31d-fd357f9bc2fb', '4c828ac1-7cd3-4f17-a864-55072c9692d4', true, '${role_read-token}', 'read-token', 'master', '4c828ac1-7cd3-4f17-a864-55072c9692d4', NULL);
INSERT INTO public.keycloak_role (id, client_realm_constraint, client_role, description, name, realm_id, client, realm) VALUES ('fd6c808d-d81b-4ad9-b4ef-358ac4ca5a7e', '6ca2a38c-c982-4acf-928e-fd625c89702e', true, '${role_impersonation}', 'impersonation', 'master', '6ca2a38c-c982-4acf-928e-fd625c89702e', NULL);
INSERT INTO public.keycloak_role (id, client_realm_constraint, client_role, description, name, realm_id, client, realm) VALUES ('bc3073b0-9dae-42ee-8954-733d4977530d', 'master', false, '${role_offline-access}', 'offline_access', 'master', NULL, NULL);
INSERT INTO public.keycloak_role (id, client_realm_constraint, client_role, description, name, realm_id, client, realm) VALUES ('0ccdf268-f6e6-419a-8aba-4a12b276bce2', 'master', false, '${role_uma_authorization}', 'uma_authorization', 'master', NULL, NULL);
INSERT INTO public.composite_role (composite, child_role) VALUES ('5aeaec32-f12c-45c0-b59b-65b8631d1fa0', 'f4eeeb63-57d9-4545-b049-26a486a0d159');
INSERT INTO public.composite_role (composite, child_role) VALUES ('5aeaec32-f12c-45c0-b59b-65b8631d1fa0', '795ab05d-233a-4179-81ae-71ac6142638b');
INSERT INTO public.composite_role (composite, child_role) VALUES ('5aeaec32-f12c-45c0-b59b-65b8631d1fa0', '8e242155-fd61-4339-9f2b-51dfe2195a0a');
INSERT INTO public.composite_role (composite, child_role) VALUES ('5aeaec32-f12c-45c0-b59b-65b8631d1fa0', 'b2856f16-e4a8-4530-9054-02445091fe4f');
INSERT INTO public.composite_role (composite, child_role) VALUES ('5aeaec32-f12c-45c0-b59b-65b8631d1fa0', '18c422e1-1d10-47a1-a889-f56a82f5a3d7');
INSERT INTO public.composite_role (composite, child_role) VALUES ('5aeaec32-f12c-45c0-b59b-65b8631d1fa0', '52052d9e-094e-425d-acb7-d1ff7965b82a');
INSERT INTO public.composite_role (composite, child_role) VALUES ('5aeaec32-f12c-45c0-b59b-65b8631d1fa0', 'd0804313-ef4d-4170-af51-03cad1d1786d');
INSERT INTO public.composite_role (composite, child_role) VALUES ('5aeaec32-f12c-45c0-b59b-65b8631d1fa0', '3a20b3e3-baf1-4989-b79e-534dde45c974');
INSERT INTO public.composite_role (composite, child_role) VALUES ('5aeaec32-f12c-45c0-b59b-65b8631d1fa0', 'ac3ade3f-6d19-44a1-92de-c35527065cbb');
INSERT INTO public.composite_role (composite, child_role) VALUES ('5aeaec32-f12c-45c0-b59b-65b8631d1fa0', '09226709-9181-4b52-b6ce-8c6ce3a6d09b');
INSERT INTO public.composite_role (composite, child_role) VALUES ('5aeaec32-f12c-45c0-b59b-65b8631d1fa0', '8d6e4dbf-6eec-4e43-ad3c-523a87a97a87');
INSERT INTO public.composite_role (composite, child_role) VALUES ('5aeaec32-f12c-45c0-b59b-65b8631d1fa0', '42b72a18-5fc3-4a4f-8bb1-3fd60db8fad6');
INSERT INTO public.composite_role (composite, child_role) VALUES ('5aeaec32-f12c-45c0-b59b-65b8631d1fa0', 'f629d4fc-9fe8-4938-8ae8-8640d0388d42');
INSERT INTO public.composite_role (composite, child_role) VALUES ('5aeaec32-f12c-45c0-b59b-65b8631d1fa0', 'aefc6879-164c-49e9-b4f3-2f26dd455c2f');
INSERT INTO public.composite_role (composite, child_role) VALUES ('5aeaec32-f12c-45c0-b59b-65b8631d1fa0', 'd3b3cde1-3b25-46a0-a0c4-52bc9879c150');
INSERT INTO public.composite_role (composite, child_role) VALUES ('5aeaec32-f12c-45c0-b59b-65b8631d1fa0', 'a3246786-cea3-4f32-87e5-964a9e176522');
INSERT INTO public.composite_role (composite, child_role) VALUES ('5aeaec32-f12c-45c0-b59b-65b8631d1fa0', '7b7b7338-cbac-442f-b1fb-b149bf118e0a');
INSERT INTO public.composite_role (composite, child_role) VALUES ('5aeaec32-f12c-45c0-b59b-65b8631d1fa0', 'f99258e9-263d-4145-9e83-7bdbcc5436f5');
INSERT INTO public.composite_role (composite, child_role) VALUES ('18c422e1-1d10-47a1-a889-f56a82f5a3d7', 'a3246786-cea3-4f32-87e5-964a9e176522');
INSERT INTO public.composite_role (composite, child_role) VALUES ('b2856f16-e4a8-4530-9054-02445091fe4f', 'd3b3cde1-3b25-46a0-a0c4-52bc9879c150');
INSERT INTO public.composite_role (composite, child_role) VALUES ('b2856f16-e4a8-4530-9054-02445091fe4f', 'f99258e9-263d-4145-9e83-7bdbcc5436f5');
INSERT INTO public.composite_role (composite, child_role) VALUES ('fbb645c6-0c5c-4024-8e9f-069b701fcece', '527ecf2c-47b2-4b76-9a24-0a7b25893f7c');
INSERT INTO public.composite_role (composite, child_role) VALUES ('fbb645c6-0c5c-4024-8e9f-069b701fcece', 'e60b6b42-7eed-4b67-affb-73aebfc3df67');
INSERT INTO public.composite_role (composite, child_role) VALUES ('e60b6b42-7eed-4b67-affb-73aebfc3df67', '01677caa-99f3-4f8d-942e-aec64db2c4d6');
INSERT INTO public.composite_role (composite, child_role) VALUES ('a2497d6d-d8c3-479a-b1b0-8f3a9624b6c1', '690a39f3-6b57-4494-845c-8f53d2bb01b0');
INSERT INTO public.composite_role (composite, child_role) VALUES ('5aeaec32-f12c-45c0-b59b-65b8631d1fa0', 'fd6c808d-d81b-4ad9-b4ef-358ac4ca5a7e');
INSERT INTO public.composite_role (composite, child_role) VALUES ('fbb645c6-0c5c-4024-8e9f-069b701fcece', 'bc3073b0-9dae-42ee-8954-733d4977530d');
INSERT INTO public.composite_role (composite, child_role) VALUES ('fbb645c6-0c5c-4024-8e9f-069b701fcece', '0ccdf268-f6e6-419a-8aba-4a12b276bce2');
INSERT INTO public.user_entity (id, email, email_constraint, email_verified, enabled, federation_link, first_name, last_name, realm_id, username, created_timestamp, service_account_client_link, not_before) VALUES ('fd6015e6-e372-443d-8259-7f966f5bd754', NULL, 'f84f0837-9030-465c-9714-c45313dd53f3', false, true, NULL, NULL, NULL, 'master', 'admin', 1648153113924, NULL, 0);
INSERT INTO public.credential (id, salt, type, user_id, created_date, user_label, secret_data, credential_data, priority) VALUES ('1e3c81d7-9249-4cd5-8fe2-f46a8d1229c7', NULL, 'password', 'fd6015e6-e372-443d-8259-7f966f5bd754', 1648153114032, NULL, '{"value":"1VuXsHqof4w21UfPEl/paS3sUEZe+8utJe9MHpGpRK4Os+0uBLTW3TX7yFIPa0ValWzgY1cukc7CtO1XVD5axA==","salt":"j0Cebh1nTAfko+jsbD+9Vg==","additionalParameters":{}}', '{"hashIterations":27500,"algorithm":"pbkdf2-sha256","additionalParameters":{}}', 10);
INSERT INTO public.default_client_scope (realm_id, scope_id, default_scope) VALUES ('master', 'd2ca20d7-abfc-482c-9b81-d7c1dd60c80a', false);
INSERT INTO public.default_client_scope (realm_id, scope_id, default_scope) VALUES ('master', '08cf5752-c971-4f5b-bfcf-b9b781708c26', true);
INSERT INTO public.default_client_scope (realm_id, scope_id, default_scope) VALUES ('master', 'a68e255c-611e-4c3b-8485-cf9befbec8e4', true);
INSERT INTO public.default_client_scope (realm_id, scope_id, default_scope) VALUES ('master', '56d62800-19e0-46e9-bf49-a2160edb0eb0', true);
INSERT INTO public.default_client_scope (realm_id, scope_id, default_scope) VALUES ('master', '53c571b4-0967-4257-b8ec-c2ddc4f2b3d9', false);
INSERT INTO public.default_client_scope (realm_id, scope_id, default_scope) VALUES ('master', 'f13c9094-cdce-479d-844a-ca4f6d37b698', false);
INSERT INTO public.default_client_scope (realm_id, scope_id, default_scope) VALUES ('master', '27931d2d-40b0-41da-8161-1d215687b7d5', true);
INSERT INTO public.default_client_scope (realm_id, scope_id, default_scope) VALUES ('master', 'ead17e43-3fef-4669-a95e-8f26ed9c16dc', true);
INSERT INTO public.default_client_scope (realm_id, scope_id, default_scope) VALUES ('master', '82c5160b-566c-4b37-84e0-4a1fad2a3f20', false);
INSERT INTO public.migration_model (id, version, update_time) VALUES ('tva47', '17.0.1', 1648153112);
INSERT INTO public.protocol_mapper (id, name, protocol, protocol_mapper_name, client_id, client_scope_id) VALUES ('d68f5e02-e89e-4d37-9af3-be6e94d5abef', 'audience resolve', 'openid-connect', 'oidc-audience-resolve-mapper', '7b2373a9-cb38-43c2-8d1c-a88c9a7ea991', NULL);
INSERT INTO public.protocol_mapper (id, name, protocol, protocol_mapper_name, client_id, client_scope_id) VALUES ('9e72b8ac-fb29-46a5-8e42-15314033e0e2', 'locale', 'openid-connect', 'oidc-usermodel-attribute-mapper', '56daa7e3-9305-47b7-bffc-52af35f0c83f', NULL);
INSERT INTO public.protocol_mapper (id, name, protocol, protocol_mapper_name, client_id, client_scope_id) VALUES ('74eb9f12-575b-4ac7-8a97-566f13c98123', 'role list', 'saml', 'saml-role-list-mapper', NULL, '08cf5752-c971-4f5b-bfcf-b9b781708c26');
INSERT INTO public.protocol_mapper (id, name, protocol, protocol_mapper_name, client_id, client_scope_id) VALUES ('b8112a9d-43e2-4b28-8fe9-004234b70d0d', 'full name', 'openid-connect', 'oidc-full-name-mapper', NULL, 'a68e255c-611e-4c3b-8485-cf9befbec8e4');
INSERT INTO public.protocol_mapper (id, name, protocol, protocol_mapper_name, client_id, client_scope_id) VALUES ('4b1802fb-a3c4-446e-9d36-6607a45bb467', 'family name', 'openid-connect', 'oidc-usermodel-property-mapper', NULL, 'a68e255c-611e-4c3b-8485-cf9befbec8e4');
INSERT INTO public.protocol_mapper (id, name, protocol, protocol_mapper_name, client_id, client_scope_id) VALUES ('500f9ace-9da7-474f-9216-83621b7425ac', 'given name', 'openid-connect', 'oidc-usermodel-property-mapper', NULL, 'a68e255c-611e-4c3b-8485-cf9befbec8e4');
INSERT INTO public.protocol_mapper (id, name, protocol, protocol_mapper_name, client_id, client_scope_id) VALUES ('f5a90243-b814-4f19-a234-cf29623ea510', 'middle name', 'openid-connect', 'oidc-usermodel-attribute-mapper', NULL, 'a68e255c-611e-4c3b-8485-cf9befbec8e4');
INSERT INTO public.protocol_mapper (id, name, protocol, protocol_mapper_name, client_id, client_scope_id) VALUES ('bd5d3cbd-7ff6-4319-954d-29e0cfc0fc1e', 'nickname', 'openid-connect', 'oidc-usermodel-attribute-mapper', NULL, 'a68e255c-611e-4c3b-8485-cf9befbec8e4');
INSERT INTO public.protocol_mapper (id, name, protocol, protocol_mapper_name, client_id, client_scope_id) VALUES ('f3535eef-4ce3-4c4a-abac-673887481bbb', 'username', 'openid-connect', 'oidc-usermodel-property-mapper', NULL, 'a68e255c-611e-4c3b-8485-cf9befbec8e4');
INSERT INTO public.protocol_mapper (id, name, protocol, protocol_mapper_name, client_id, client_scope_id) VALUES ('e9857b69-93c5-4e28-8c56-9f8da904a704', 'profile', 'openid-connect', 'oidc-usermodel-attribute-mapper', NULL, 'a68e255c-611e-4c3b-8485-cf9befbec8e4');
INSERT INTO public.protocol_mapper (id, name, protocol, protocol_mapper_name, client_id, client_scope_id) VALUES ('4d3f7752-9393-4f63-9692-aaf3424812aa', 'picture', 'openid-connect', 'oidc-usermodel-attribute-mapper', NULL, 'a68e255c-611e-4c3b-8485-cf9befbec8e4');
INSERT INTO public.protocol_mapper (id, name, protocol, protocol_mapper_name, client_id, client_scope_id) VALUES ('a5ca2e72-c5ed-4c79-bac8-0fef8cb8af7e', 'website', 'openid-connect', 'oidc-usermodel-attribute-mapper', NULL, 'a68e255c-611e-4c3b-8485-cf9befbec8e4');
INSERT INTO public.protocol_mapper (id, name, protocol, protocol_mapper_name, client_id, client_scope_id) VALUES ('7a993513-b0fe-46a0-8bc9-1a35c82069ba', 'gender', 'openid-connect', 'oidc-usermodel-attribute-mapper', NULL, 'a68e255c-611e-4c3b-8485-cf9befbec8e4');
INSERT INTO public.protocol_mapper (id, name, protocol, protocol_mapper_name, client_id, client_scope_id) VALUES ('17c93e32-077c-4f65-9da2-0e16ff65b33a', 'birthdate', 'openid-connect', 'oidc-usermodel-attribute-mapper', NULL, 'a68e255c-611e-4c3b-8485-cf9befbec8e4');
INSERT INTO public.protocol_mapper (id, name, protocol, protocol_mapper_name, client_id, client_scope_id) VALUES ('8c752c65-47ec-46bd-8e03-958d8e0978b7', 'zoneinfo', 'openid-connect', 'oidc-usermodel-attribute-mapper', NULL, 'a68e255c-611e-4c3b-8485-cf9befbec8e4');
INSERT INTO public.protocol_mapper (id, name, protocol, protocol_mapper_name, client_id, client_scope_id) VALUES ('f052b6bf-8a58-4769-9f55-9e036a38f9ae', 'locale', 'openid-connect', 'oidc-usermodel-attribute-mapper', NULL, 'a68e255c-611e-4c3b-8485-cf9befbec8e4');
INSERT INTO public.protocol_mapper (id, name, protocol, protocol_mapper_name, client_id, client_scope_id) VALUES ('01ca2da6-75dd-45c6-92f9-a59b2d54781c', 'updated at', 'openid-connect', 'oidc-usermodel-attribute-mapper', NULL, 'a68e255c-611e-4c3b-8485-cf9befbec8e4');
INSERT INTO public.protocol_mapper (id, name, protocol, protocol_mapper_name, client_id, client_scope_id) VALUES ('ab125fde-cdaf-400d-bd4c-bee3cc427cfa', 'email', 'openid-connect', 'oidc-usermodel-property-mapper', NULL, '56d62800-19e0-46e9-bf49-a2160edb0eb0');
INSERT INTO public.protocol_mapper (id, name, protocol, protocol_mapper_name, client_id, client_scope_id) VALUES ('7854d126-f3d1-44cc-84ea-6b34468d2aeb', 'email verified', 'openid-connect', 'oidc-usermodel-property-mapper', NULL, '56d62800-19e0-46e9-bf49-a2160edb0eb0');
INSERT INTO public.protocol_mapper (id, name, protocol, protocol_mapper_name, client_id, client_scope_id) VALUES ('1897ad1a-b6b2-4750-a81d-57fc81775d0c', 'address', 'openid-connect', 'oidc-address-mapper', NULL, '53c571b4-0967-4257-b8ec-c2ddc4f2b3d9');
INSERT INTO public.protocol_mapper (id, name, protocol, protocol_mapper_name, client_id, client_scope_id) VALUES ('54649489-5575-4eeb-95a1-64c2d343840d', 'phone number', 'openid-connect', 'oidc-usermodel-attribute-mapper', NULL, 'f13c9094-cdce-479d-844a-ca4f6d37b698');
INSERT INTO public.protocol_mapper (id, name, protocol, protocol_mapper_name, client_id, client_scope_id) VALUES ('b9ad3ccc-a5cf-4efb-95e9-2fea3b8e8395', 'phone number verified', 'openid-connect', 'oidc-usermodel-attribute-mapper', NULL, 'f13c9094-cdce-479d-844a-ca4f6d37b698');
INSERT INTO public.protocol_mapper (id, name, protocol, protocol_mapper_name, client_id, client_scope_id) VALUES ('a1aee9c5-2c18-4fe4-8b8b-526d50799b06', 'realm roles', 'openid-connect', 'oidc-usermodel-realm-role-mapper', NULL, '27931d2d-40b0-41da-8161-1d215687b7d5');
INSERT INTO public.protocol_mapper (id, name, protocol, protocol_mapper_name, client_id, client_scope_id) VALUES ('402b822d-ffab-462d-8f33-feb5129f5f0e', 'client roles', 'openid-connect', 'oidc-usermodel-client-role-mapper', NULL, '27931d2d-40b0-41da-8161-1d215687b7d5');
INSERT INTO public.protocol_mapper (id, name, protocol, protocol_mapper_name, client_id, client_scope_id) VALUES ('bb8d179c-680d-4242-b9da-2d4e59226c00', 'audience resolve', 'openid-connect', 'oidc-audience-resolve-mapper', NULL, '27931d2d-40b0-41da-8161-1d215687b7d5');
INSERT INTO public.protocol_mapper (id, name, protocol, protocol_mapper_name, client_id, client_scope_id) VALUES ('73205eac-3415-489a-bf40-ced4b991a150', 'allowed web origins', 'openid-connect', 'oidc-allowed-origins-mapper', NULL, 'ead17e43-3fef-4669-a95e-8f26ed9c16dc');
INSERT INTO public.protocol_mapper (id, name, protocol, protocol_mapper_name, client_id, client_scope_id) VALUES ('2f0c15dd-585b-498e-9719-bacbd16957cf', 'upn', 'openid-connect', 'oidc-usermodel-property-mapper', NULL, '82c5160b-566c-4b37-84e0-4a1fad2a3f20');
INSERT INTO public.protocol_mapper (id, name, protocol, protocol_mapper_name, client_id, client_scope_id) VALUES ('7b01fa39-18c2-482c-8bf3-8a507ea66399', 'groups', 'openid-connect', 'oidc-usermodel-realm-role-mapper', NULL, '82c5160b-566c-4b37-84e0-4a1fad2a3f20');
INSERT INTO public.protocol_mapper_config (protocol_mapper_id, value, name) VALUES ('9e72b8ac-fb29-46a5-8e42-15314033e0e2', 'true', 'userinfo.token.claim');
INSERT INTO public.protocol_mapper_config (protocol_mapper_id, value, name) VALUES ('9e72b8ac-fb29-46a5-8e42-15314033e0e2', 'locale', 'user.attribute');
INSERT INTO public.protocol_mapper_config (protocol_mapper_id, value, name) VALUES ('9e72b8ac-fb29-46a5-8e42-15314033e0e2', 'true', 'id.token.claim');
INSERT INTO public.protocol_mapper_config (protocol_mapper_id, value, name) VALUES ('9e72b8ac-fb29-46a5-8e42-15314033e0e2', 'true', 'access.token.claim');
INSERT INTO public.protocol_mapper_config (protocol_mapper_id, value, name) VALUES ('9e72b8ac-fb29-46a5-8e42-15314033e0e2', 'locale', 'claim.name');
INSERT INTO public.protocol_mapper_config (protocol_mapper_id, value, name) VALUES ('9e72b8ac-fb29-46a5-8e42-15314033e0e2', 'String', 'jsonType.label');
INSERT INTO public.protocol_mapper_config (protocol_mapper_id, value, name) VALUES ('74eb9f12-575b-4ac7-8a97-566f13c98123', 'false', 'single');
INSERT INTO public.protocol_mapper_config (protocol_mapper_id, value, name) VALUES ('74eb9f12-575b-4ac7-8a97-566f13c98123', 'Basic', 'attribute.nameformat');
INSERT INTO public.protocol_mapper_config (protocol_mapper_id, value, name) VALUES ('74eb9f12-575b-4ac7-8a97-566f13c98123', 'Role', 'attribute.name');
INSERT INTO public.protocol_mapper_config (protocol_mapper_id, value, name) VALUES ('01ca2da6-75dd-45c6-92f9-a59b2d54781c', 'true', 'userinfo.token.claim');
INSERT INTO public.protocol_mapper_config (protocol_mapper_id, value, name) VALUES ('01ca2da6-75dd-45c6-92f9-a59b2d54781c', 'updatedAt', 'user.attribute');
INSERT INTO public.protocol_mapper_config (protocol_mapper_id, value, name) VALUES ('01ca2da6-75dd-45c6-92f9-a59b2d54781c', 'true', 'id.token.claim');
INSERT INTO public.protocol_mapper_config (protocol_mapper_id, value, name) VALUES ('01ca2da6-75dd-45c6-92f9-a59b2d54781c', 'true', 'access.token.claim');
INSERT INTO public.protocol_mapper_config (protocol_mapper_id, value, name) VALUES ('01ca2da6-75dd-45c6-92f9-a59b2d54781c', 'updated_at', 'claim.name');
INSERT INTO public.protocol_mapper_config (protocol_mapper_id, value, name) VALUES ('01ca2da6-75dd-45c6-92f9-a59b2d54781c', 'String', 'jsonType.label');
INSERT INTO public.protocol_mapper_config (protocol_mapper_id, value, name) VALUES ('17c93e32-077c-4f65-9da2-0e16ff65b33a', 'true', 'userinfo.token.claim');
INSERT INTO public.protocol_mapper_config (protocol_mapper_id, value, name) VALUES ('17c93e32-077c-4f65-9da2-0e16ff65b33a', 'birthdate', 'user.attribute');
INSERT INTO public.protocol_mapper_config (protocol_mapper_id, value, name) VALUES ('17c93e32-077c-4f65-9da2-0e16ff65b33a', 'true', 'id.token.claim');
INSERT INTO public.protocol_mapper_config (protocol_mapper_id, value, name) VALUES ('17c93e32-077c-4f65-9da2-0e16ff65b33a', 'true', 'access.token.claim');
INSERT INTO public.protocol_mapper_config (protocol_mapper_id, value, name) VALUES ('17c93e32-077c-4f65-9da2-0e16ff65b33a', 'birthdate', 'claim.name');
INSERT INTO public.protocol_mapper_config (protocol_mapper_id, value, name) VALUES ('17c93e32-077c-4f65-9da2-0e16ff65b33a', 'String', 'jsonType.label');
INSERT INTO public.protocol_mapper_config (protocol_mapper_id, value, name) VALUES ('4b1802fb-a3c4-446e-9d36-6607a45bb467', 'true', 'userinfo.token.claim');
INSERT INTO public.protocol_mapper_config (protocol_mapper_id, value, name) VALUES ('4b1802fb-a3c4-446e-9d36-6607a45bb467', 'lastName', 'user.attribute');
INSERT INTO public.protocol_mapper_config (protocol_mapper_id, value, name) VALUES ('4b1802fb-a3c4-446e-9d36-6607a45bb467', 'true', 'id.token.claim');
INSERT INTO public.protocol_mapper_config (protocol_mapper_id, value, name) VALUES ('4b1802fb-a3c4-446e-9d36-6607a45bb467', 'true', 'access.token.claim');
INSERT INTO public.protocol_mapper_config (protocol_mapper_id, value, name) VALUES ('4b1802fb-a3c4-446e-9d36-6607a45bb467', 'family_name', 'claim.name');
INSERT INTO public.protocol_mapper_config (protocol_mapper_id, value, name) VALUES ('4b1802fb-a3c4-446e-9d36-6607a45bb467', 'String', 'jsonType.label');
INSERT INTO public.protocol_mapper_config (protocol_mapper_id, value, name) VALUES ('4d3f7752-9393-4f63-9692-aaf3424812aa', 'true', 'userinfo.token.claim');
INSERT INTO public.protocol_mapper_config (protocol_mapper_id, value, name) VALUES ('4d3f7752-9393-4f63-9692-aaf3424812aa', 'picture', 'user.attribute');
INSERT INTO public.protocol_mapper_config (protocol_mapper_id, value, name) VALUES ('4d3f7752-9393-4f63-9692-aaf3424812aa', 'true', 'id.token.claim');
INSERT INTO public.protocol_mapper_config (protocol_mapper_id, value, name) VALUES ('4d3f7752-9393-4f63-9692-aaf3424812aa', 'true', 'access.token.claim');
INSERT INTO public.protocol_mapper_config (protocol_mapper_id, value, name) VALUES ('4d3f7752-9393-4f63-9692-aaf3424812aa', 'picture', 'claim.name');
INSERT INTO public.protocol_mapper_config (protocol_mapper_id, value, name) VALUES ('4d3f7752-9393-4f63-9692-aaf3424812aa', 'String', 'jsonType.label');
INSERT INTO public.protocol_mapper_config (protocol_mapper_id, value, name) VALUES ('500f9ace-9da7-474f-9216-83621b7425ac', 'true', 'userinfo.token.claim');
INSERT INTO public.protocol_mapper_config (protocol_mapper_id, value, name) VALUES ('500f9ace-9da7-474f-9216-83621b7425ac', 'firstName', 'user.attribute');
INSERT INTO public.protocol_mapper_config (protocol_mapper_id, value, name) VALUES ('500f9ace-9da7-474f-9216-83621b7425ac', 'true', 'id.token.claim');
INSERT INTO public.protocol_mapper_config (protocol_mapper_id, value, name) VALUES ('500f9ace-9da7-474f-9216-83621b7425ac', 'true', 'access.token.claim');
INSERT INTO public.protocol_mapper_config (protocol_mapper_id, value, name) VALUES ('500f9ace-9da7-474f-9216-83621b7425ac', 'given_name', 'claim.name');
INSERT INTO public.protocol_mapper_config (protocol_mapper_id, value, name) VALUES ('500f9ace-9da7-474f-9216-83621b7425ac', 'String', 'jsonType.label');
INSERT INTO public.protocol_mapper_config (protocol_mapper_id, value, name) VALUES ('7a993513-b0fe-46a0-8bc9-1a35c82069ba', 'true', 'userinfo.token.claim');
INSERT INTO public.protocol_mapper_config (protocol_mapper_id, value, name) VALUES ('7a993513-b0fe-46a0-8bc9-1a35c82069ba', 'gender', 'user.attribute');
INSERT INTO public.protocol_mapper_config (protocol_mapper_id, value, name) VALUES ('7a993513-b0fe-46a0-8bc9-1a35c82069ba', 'true', 'id.token.claim');
INSERT INTO public.protocol_mapper_config (protocol_mapper_id, value, name) VALUES ('7a993513-b0fe-46a0-8bc9-1a35c82069ba', 'true', 'access.token.claim');
INSERT INTO public.protocol_mapper_config (protocol_mapper_id, value, name) VALUES ('7a993513-b0fe-46a0-8bc9-1a35c82069ba', 'gender', 'claim.name');
INSERT INTO public.protocol_mapper_config (protocol_mapper_id, value, name) VALUES ('7a993513-b0fe-46a0-8bc9-1a35c82069ba', 'String', 'jsonType.label');
INSERT INTO public.protocol_mapper_config (protocol_mapper_id, value, name) VALUES ('8c752c65-47ec-46bd-8e03-958d8e0978b7', 'true', 'userinfo.token.claim');
INSERT INTO public.protocol_mapper_config (protocol_mapper_id, value, name) VALUES ('8c752c65-47ec-46bd-8e03-958d8e0978b7', 'zoneinfo', 'user.attribute');
INSERT INTO public.protocol_mapper_config (protocol_mapper_id, value, name) VALUES ('8c752c65-47ec-46bd-8e03-958d8e0978b7', 'true', 'id.token.claim');
INSERT INTO public.protocol_mapper_config (protocol_mapper_id, value, name) VALUES ('8c752c65-47ec-46bd-8e03-958d8e0978b7', 'true', 'access.token.claim');
INSERT INTO public.protocol_mapper_config (protocol_mapper_id, value, name) VALUES ('8c752c65-47ec-46bd-8e03-958d8e0978b7', 'zoneinfo', 'claim.name');
INSERT INTO public.protocol_mapper_config (protocol_mapper_id, value, name) VALUES ('8c752c65-47ec-46bd-8e03-958d8e0978b7', 'String', 'jsonType.label');
INSERT INTO public.protocol_mapper_config (protocol_mapper_id, value, name) VALUES ('a5ca2e72-c5ed-4c79-bac8-0fef8cb8af7e', 'true', 'userinfo.token.claim');
INSERT INTO public.protocol_mapper_config (protocol_mapper_id, value, name) VALUES ('a5ca2e72-c5ed-4c79-bac8-0fef8cb8af7e', 'website', 'user.attribute');
INSERT INTO public.protocol_mapper_config (protocol_mapper_id, value, name) VALUES ('a5ca2e72-c5ed-4c79-bac8-0fef8cb8af7e', 'true', 'id.token.claim');
INSERT INTO public.protocol_mapper_config (protocol_mapper_id, value, name) VALUES ('a5ca2e72-c5ed-4c79-bac8-0fef8cb8af7e', 'true', 'access.token.claim');
INSERT INTO public.protocol_mapper_config (protocol_mapper_id, value, name) VALUES ('a5ca2e72-c5ed-4c79-bac8-0fef8cb8af7e', 'website', 'claim.name');
INSERT INTO public.protocol_mapper_config (protocol_mapper_id, value, name) VALUES ('a5ca2e72-c5ed-4c79-bac8-0fef8cb8af7e', 'String', 'jsonType.label');
INSERT INTO public.protocol_mapper_config (protocol_mapper_id, value, name) VALUES ('b8112a9d-43e2-4b28-8fe9-004234b70d0d', 'true', 'userinfo.token.claim');
INSERT INTO public.protocol_mapper_config (protocol_mapper_id, value, name) VALUES ('b8112a9d-43e2-4b28-8fe9-004234b70d0d', 'true', 'id.token.claim');
INSERT INTO public.protocol_mapper_config (protocol_mapper_id, value, name) VALUES ('b8112a9d-43e2-4b28-8fe9-004234b70d0d', 'true', 'access.token.claim');
INSERT INTO public.protocol_mapper_config (protocol_mapper_id, value, name) VALUES ('bd5d3cbd-7ff6-4319-954d-29e0cfc0fc1e', 'true', 'userinfo.token.claim');
INSERT INTO public.protocol_mapper_config (protocol_mapper_id, value, name) VALUES ('bd5d3cbd-7ff6-4319-954d-29e0cfc0fc1e', 'nickname', 'user.attribute');
INSERT INTO public.protocol_mapper_config (protocol_mapper_id, value, name) VALUES ('bd5d3cbd-7ff6-4319-954d-29e0cfc0fc1e', 'true', 'id.token.claim');
INSERT INTO public.protocol_mapper_config (protocol_mapper_id, value, name) VALUES ('bd5d3cbd-7ff6-4319-954d-29e0cfc0fc1e', 'true', 'access.token.claim');
INSERT INTO public.protocol_mapper_config (protocol_mapper_id, value, name) VALUES ('bd5d3cbd-7ff6-4319-954d-29e0cfc0fc1e', 'nickname', 'claim.name');
INSERT INTO public.protocol_mapper_config (protocol_mapper_id, value, name) VALUES ('bd5d3cbd-7ff6-4319-954d-29e0cfc0fc1e', 'String', 'jsonType.label');
INSERT INTO public.protocol_mapper_config (protocol_mapper_id, value, name) VALUES ('e9857b69-93c5-4e28-8c56-9f8da904a704', 'true', 'userinfo.token.claim');
INSERT INTO public.protocol_mapper_config (protocol_mapper_id, value, name) VALUES ('e9857b69-93c5-4e28-8c56-9f8da904a704', 'profile', 'user.attribute');
INSERT INTO public.protocol_mapper_config (protocol_mapper_id, value, name) VALUES ('e9857b69-93c5-4e28-8c56-9f8da904a704', 'true', 'id.token.claim');
INSERT INTO public.protocol_mapper_config (protocol_mapper_id, value, name) VALUES ('e9857b69-93c5-4e28-8c56-9f8da904a704', 'true', 'access.token.claim');
INSERT INTO public.protocol_mapper_config (protocol_mapper_id, value, name) VALUES ('e9857b69-93c5-4e28-8c56-9f8da904a704', 'profile', 'claim.name');
INSERT INTO public.protocol_mapper_config (protocol_mapper_id, value, name) VALUES ('e9857b69-93c5-4e28-8c56-9f8da904a704', 'String', 'jsonType.label');
INSERT INTO public.protocol_mapper_config (protocol_mapper_id, value, name) VALUES ('f052b6bf-8a58-4769-9f55-9e036a38f9ae', 'true', 'userinfo.token.claim');
INSERT INTO public.protocol_mapper_config (protocol_mapper_id, value, name) VALUES ('f052b6bf-8a58-4769-9f55-9e036a38f9ae', 'locale', 'user.attribute');
INSERT INTO public.protocol_mapper_config (protocol_mapper_id, value, name) VALUES ('f052b6bf-8a58-4769-9f55-9e036a38f9ae', 'true', 'id.token.claim');
INSERT INTO public.protocol_mapper_config (protocol_mapper_id, value, name) VALUES ('f052b6bf-8a58-4769-9f55-9e036a38f9ae', 'true', 'access.token.claim');
INSERT INTO public.protocol_mapper_config (protocol_mapper_id, value, name) VALUES ('f052b6bf-8a58-4769-9f55-9e036a38f9ae', 'locale', 'claim.name');
INSERT INTO public.protocol_mapper_config (protocol_mapper_id, value, name) VALUES ('f052b6bf-8a58-4769-9f55-9e036a38f9ae', 'String', 'jsonType.label');
INSERT INTO public.protocol_mapper_config (protocol_mapper_id, value, name) VALUES ('f3535eef-4ce3-4c4a-abac-673887481bbb', 'true', 'userinfo.token.claim');
INSERT INTO public.protocol_mapper_config (protocol_mapper_id, value, name) VALUES ('f3535eef-4ce3-4c4a-abac-673887481bbb', 'username', 'user.attribute');
INSERT INTO public.protocol_mapper_config (protocol_mapper_id, value, name) VALUES ('f3535eef-4ce3-4c4a-abac-673887481bbb', 'true', 'id.token.claim');
INSERT INTO public.protocol_mapper_config (protocol_mapper_id, value, name) VALUES ('f3535eef-4ce3-4c4a-abac-673887481bbb', 'true', 'access.token.claim');
INSERT INTO public.protocol_mapper_config (protocol_mapper_id, value, name) VALUES ('f3535eef-4ce3-4c4a-abac-673887481bbb', 'preferred_username', 'claim.name');
INSERT INTO public.protocol_mapper_config (protocol_mapper_id, value, name) VALUES ('f3535eef-4ce3-4c4a-abac-673887481bbb', 'String', 'jsonType.label');
INSERT INTO public.protocol_mapper_config (protocol_mapper_id, value, name) VALUES ('f5a90243-b814-4f19-a234-cf29623ea510', 'true', 'userinfo.token.claim');
INSERT INTO public.protocol_mapper_config (protocol_mapper_id, value, name) VALUES ('f5a90243-b814-4f19-a234-cf29623ea510', 'middleName', 'user.attribute');
INSERT INTO public.protocol_mapper_config (protocol_mapper_id, value, name) VALUES ('f5a90243-b814-4f19-a234-cf29623ea510', 'true', 'id.token.claim');
INSERT INTO public.protocol_mapper_config (protocol_mapper_id, value, name) VALUES ('f5a90243-b814-4f19-a234-cf29623ea510', 'true', 'access.token.claim');
INSERT INTO public.protocol_mapper_config (protocol_mapper_id, value, name) VALUES ('f5a90243-b814-4f19-a234-cf29623ea510', 'middle_name', 'claim.name');
INSERT INTO public.protocol_mapper_config (protocol_mapper_id, value, name) VALUES ('f5a90243-b814-4f19-a234-cf29623ea510', 'String', 'jsonType.label');
INSERT INTO public.protocol_mapper_config (protocol_mapper_id, value, name) VALUES ('7854d126-f3d1-44cc-84ea-6b34468d2aeb', 'true', 'userinfo.token.claim');
INSERT INTO public.protocol_mapper_config (protocol_mapper_id, value, name) VALUES ('7854d126-f3d1-44cc-84ea-6b34468d2aeb', 'emailVerified', 'user.attribute');
INSERT INTO public.protocol_mapper_config (protocol_mapper_id, value, name) VALUES ('7854d126-f3d1-44cc-84ea-6b34468d2aeb', 'true', 'id.token.claim');
INSERT INTO public.protocol_mapper_config (protocol_mapper_id, value, name) VALUES ('7854d126-f3d1-44cc-84ea-6b34468d2aeb', 'true', 'access.token.claim');
INSERT INTO public.protocol_mapper_config (protocol_mapper_id, value, name) VALUES ('7854d126-f3d1-44cc-84ea-6b34468d2aeb', 'email_verified', 'claim.name');
INSERT INTO public.protocol_mapper_config (protocol_mapper_id, value, name) VALUES ('7854d126-f3d1-44cc-84ea-6b34468d2aeb', 'boolean', 'jsonType.label');
INSERT INTO public.protocol_mapper_config (protocol_mapper_id, value, name) VALUES ('ab125fde-cdaf-400d-bd4c-bee3cc427cfa', 'true', 'userinfo.token.claim');
INSERT INTO public.protocol_mapper_config (protocol_mapper_id, value, name) VALUES ('ab125fde-cdaf-400d-bd4c-bee3cc427cfa', 'email', 'user.attribute');
INSERT INTO public.protocol_mapper_config (protocol_mapper_id, value, name) VALUES ('ab125fde-cdaf-400d-bd4c-bee3cc427cfa', 'true', 'id.token.claim');
INSERT INTO public.protocol_mapper_config (protocol_mapper_id, value, name) VALUES ('ab125fde-cdaf-400d-bd4c-bee3cc427cfa', 'true', 'access.token.claim');
INSERT INTO public.protocol_mapper_config (protocol_mapper_id, value, name) VALUES ('ab125fde-cdaf-400d-bd4c-bee3cc427cfa', 'email', 'claim.name');
INSERT INTO public.protocol_mapper_config (protocol_mapper_id, value, name) VALUES ('ab125fde-cdaf-400d-bd4c-bee3cc427cfa', 'String', 'jsonType.label');
INSERT INTO public.protocol_mapper_config (protocol_mapper_id, value, name) VALUES ('1897ad1a-b6b2-4750-a81d-57fc81775d0c', 'formatted', 'user.attribute.formatted');
INSERT INTO public.protocol_mapper_config (protocol_mapper_id, value, name) VALUES ('1897ad1a-b6b2-4750-a81d-57fc81775d0c', 'country', 'user.attribute.country');
INSERT INTO public.protocol_mapper_config (protocol_mapper_id, value, name) VALUES ('1897ad1a-b6b2-4750-a81d-57fc81775d0c', 'postal_code', 'user.attribute.postal_code');
INSERT INTO public.protocol_mapper_config (protocol_mapper_id, value, name) VALUES ('1897ad1a-b6b2-4750-a81d-57fc81775d0c', 'true', 'userinfo.token.claim');
INSERT INTO public.protocol_mapper_config (protocol_mapper_id, value, name) VALUES ('1897ad1a-b6b2-4750-a81d-57fc81775d0c', 'street', 'user.attribute.street');
INSERT INTO public.protocol_mapper_config (protocol_mapper_id, value, name) VALUES ('1897ad1a-b6b2-4750-a81d-57fc81775d0c', 'true', 'id.token.claim');
INSERT INTO public.protocol_mapper_config (protocol_mapper_id, value, name) VALUES ('1897ad1a-b6b2-4750-a81d-57fc81775d0c', 'region', 'user.attribute.region');
INSERT INTO public.protocol_mapper_config (protocol_mapper_id, value, name) VALUES ('1897ad1a-b6b2-4750-a81d-57fc81775d0c', 'true', 'access.token.claim');
INSERT INTO public.protocol_mapper_config (protocol_mapper_id, value, name) VALUES ('1897ad1a-b6b2-4750-a81d-57fc81775d0c', 'locality', 'user.attribute.locality');
INSERT INTO public.protocol_mapper_config (protocol_mapper_id, value, name) VALUES ('54649489-5575-4eeb-95a1-64c2d343840d', 'true', 'userinfo.token.claim');
INSERT INTO public.protocol_mapper_config (protocol_mapper_id, value, name) VALUES ('54649489-5575-4eeb-95a1-64c2d343840d', 'phoneNumber', 'user.attribute');
INSERT INTO public.protocol_mapper_config (protocol_mapper_id, value, name) VALUES ('54649489-5575-4eeb-95a1-64c2d343840d', 'true', 'id.token.claim');
INSERT INTO public.protocol_mapper_config (protocol_mapper_id, value, name) VALUES ('54649489-5575-4eeb-95a1-64c2d343840d', 'true', 'access.token.claim');
INSERT INTO public.protocol_mapper_config (protocol_mapper_id, value, name) VALUES ('54649489-5575-4eeb-95a1-64c2d343840d', 'phone_number', 'claim.name');
INSERT INTO public.protocol_mapper_config (protocol_mapper_id, value, name) VALUES ('54649489-5575-4eeb-95a1-64c2d343840d', 'String', 'jsonType.label');
INSERT INTO public.protocol_mapper_config (protocol_mapper_id, value, name) VALUES ('b9ad3ccc-a5cf-4efb-95e9-2fea3b8e8395', 'true', 'userinfo.token.claim');
INSERT INTO public.protocol_mapper_config (protocol_mapper_id, value, name) VALUES ('b9ad3ccc-a5cf-4efb-95e9-2fea3b8e8395', 'phoneNumberVerified', 'user.attribute');
INSERT INTO public.protocol_mapper_config (protocol_mapper_id, value, name) VALUES ('b9ad3ccc-a5cf-4efb-95e9-2fea3b8e8395', 'true', 'id.token.claim');
INSERT INTO public.protocol_mapper_config (protocol_mapper_id, value, name) VALUES ('b9ad3ccc-a5cf-4efb-95e9-2fea3b8e8395', 'true', 'access.token.claim');
INSERT INTO public.protocol_mapper_config (protocol_mapper_id, value, name) VALUES ('b9ad3ccc-a5cf-4efb-95e9-2fea3b8e8395', 'phone_number_verified', 'claim.name');
INSERT INTO public.protocol_mapper_config (protocol_mapper_id, value, name) VALUES ('b9ad3ccc-a5cf-4efb-95e9-2fea3b8e8395', 'boolean', 'jsonType.label');
INSERT INTO public.protocol_mapper_config (protocol_mapper_id, value, name) VALUES ('402b822d-ffab-462d-8f33-feb5129f5f0e', 'true', 'multivalued');
INSERT INTO public.protocol_mapper_config (protocol_mapper_id, value, name) VALUES ('402b822d-ffab-462d-8f33-feb5129f5f0e', 'foo', 'user.attribute');
INSERT INTO public.protocol_mapper_config (protocol_mapper_id, value, name) VALUES ('402b822d-ffab-462d-8f33-feb5129f5f0e', 'true', 'access.token.claim');
INSERT INTO public.protocol_mapper_config (protocol_mapper_id, value, name) VALUES ('402b822d-ffab-462d-8f33-feb5129f5f0e', 'resource_access.${client_id}.roles', 'claim.name');
INSERT INTO public.protocol_mapper_config (protocol_mapper_id, value, name) VALUES ('402b822d-ffab-462d-8f33-feb5129f5f0e', 'String', 'jsonType.label');
INSERT INTO public.protocol_mapper_config (protocol_mapper_id, value, name) VALUES ('a1aee9c5-2c18-4fe4-8b8b-526d50799b06', 'true', 'multivalued');
INSERT INTO public.protocol_mapper_config (protocol_mapper_id, value, name) VALUES ('a1aee9c5-2c18-4fe4-8b8b-526d50799b06', 'foo', 'user.attribute');
INSERT INTO public.protocol_mapper_config (protocol_mapper_id, value, name) VALUES ('a1aee9c5-2c18-4fe4-8b8b-526d50799b06', 'true', 'access.token.claim');
INSERT INTO public.protocol_mapper_config (protocol_mapper_id, value, name) VALUES ('a1aee9c5-2c18-4fe4-8b8b-526d50799b06', 'realm_access.roles', 'claim.name');
INSERT INTO public.protocol_mapper_config (protocol_mapper_id, value, name) VALUES ('a1aee9c5-2c18-4fe4-8b8b-526d50799b06', 'String', 'jsonType.label');
INSERT INTO public.protocol_mapper_config (protocol_mapper_id, value, name) VALUES ('2f0c15dd-585b-498e-9719-bacbd16957cf', 'true', 'userinfo.token.claim');
INSERT INTO public.protocol_mapper_config (protocol_mapper_id, value, name) VALUES ('2f0c15dd-585b-498e-9719-bacbd16957cf', 'username', 'user.attribute');
INSERT INTO public.protocol_mapper_config (protocol_mapper_id, value, name) VALUES ('2f0c15dd-585b-498e-9719-bacbd16957cf', 'true', 'id.token.claim');
INSERT INTO public.protocol_mapper_config (protocol_mapper_id, value, name) VALUES ('2f0c15dd-585b-498e-9719-bacbd16957cf', 'true', 'access.token.claim');
INSERT INTO public.protocol_mapper_config (protocol_mapper_id, value, name) VALUES ('2f0c15dd-585b-498e-9719-bacbd16957cf', 'upn', 'claim.name');
INSERT INTO public.protocol_mapper_config (protocol_mapper_id, value, name) VALUES ('2f0c15dd-585b-498e-9719-bacbd16957cf', 'String', 'jsonType.label');
INSERT INTO public.protocol_mapper_config (protocol_mapper_id, value, name) VALUES ('7b01fa39-18c2-482c-8bf3-8a507ea66399', 'true', 'multivalued');
INSERT INTO public.protocol_mapper_config (protocol_mapper_id, value, name) VALUES ('7b01fa39-18c2-482c-8bf3-8a507ea66399', 'foo', 'user.attribute');
INSERT INTO public.protocol_mapper_config (protocol_mapper_id, value, name) VALUES ('7b01fa39-18c2-482c-8bf3-8a507ea66399', 'true', 'id.token.claim');
INSERT INTO public.protocol_mapper_config (protocol_mapper_id, value, name) VALUES ('7b01fa39-18c2-482c-8bf3-8a507ea66399', 'true', 'access.token.claim');
INSERT INTO public.protocol_mapper_config (protocol_mapper_id, value, name) VALUES ('7b01fa39-18c2-482c-8bf3-8a507ea66399', 'groups', 'claim.name');
INSERT INTO public.protocol_mapper_config (protocol_mapper_id, value, name) VALUES ('7b01fa39-18c2-482c-8bf3-8a507ea66399', 'String', 'jsonType.label');
INSERT INTO public.realm_attribute (name, realm_id, value) VALUES ('_browser_header.contentSecurityPolicyReportOnly', 'master', '');
INSERT INTO public.realm_attribute (name, realm_id, value) VALUES ('_browser_header.xContentTypeOptions', 'master', 'nosniff');
INSERT INTO public.realm_attribute (name, realm_id, value) VALUES ('_browser_header.xRobotsTag', 'master', 'none');
INSERT INTO public.realm_attribute (name, realm_id, value) VALUES ('_browser_header.xFrameOptions', 'master', 'SAMEORIGIN');
INSERT INTO public.realm_attribute (name, realm_id, value) VALUES ('_browser_header.contentSecurityPolicy', 'master', 'frame-src ''self''; frame-ancestors ''self''; object-src ''none'';');
INSERT INTO public.realm_attribute (name, realm_id, value) VALUES ('_browser_header.xXSSProtection', 'master', '1; mode=block');
INSERT INTO public.realm_attribute (name, realm_id, value) VALUES ('_browser_header.strictTransportSecurity', 'master', 'max-age=31536000; includeSubDomains');
INSERT INTO public.realm_attribute (name, realm_id, value) VALUES ('bruteForceProtected', 'master', 'false');
INSERT INTO public.realm_attribute (name, realm_id, value) VALUES ('permanentLockout', 'master', 'false');
INSERT INTO public.realm_attribute (name, realm_id, value) VALUES ('maxFailureWaitSeconds', 'master', '900');
INSERT INTO public.realm_attribute (name, realm_id, value) VALUES ('minimumQuickLoginWaitSeconds', 'master', '60');
INSERT INTO public.realm_attribute (name, realm_id, value) VALUES ('waitIncrementSeconds', 'master', '60');
INSERT INTO public.realm_attribute (name, realm_id, value) VALUES ('quickLoginCheckMilliSeconds', 'master', '1000');
INSERT INTO public.realm_attribute (name, realm_id, value) VALUES ('maxDeltaTimeSeconds', 'master', '43200');
INSERT INTO public.realm_attribute (name, realm_id, value) VALUES ('failureFactor', 'master', '30');
INSERT INTO public.realm_attribute (name, realm_id, value) VALUES ('displayName', 'master', 'Keycloak');
INSERT INTO public.realm_attribute (name, realm_id, value) VALUES ('displayNameHtml', 'master', '<div class="kc-logo-text"><span>Keycloak</span></div>');
INSERT INTO public.realm_attribute (name, realm_id, value) VALUES ('defaultSignatureAlgorithm', 'master', 'RS256');
INSERT INTO public.realm_attribute (name, realm_id, value) VALUES ('offlineSessionMaxLifespanEnabled', 'master', 'false');
INSERT INTO public.realm_attribute (name, realm_id, value) VALUES ('offlineSessionMaxLifespan', 'master', '5184000');
INSERT INTO public.realm_events_listeners (realm_id, value) VALUES ('master', 'jboss-logging');
INSERT INTO public.realm_required_credential (type, form_label, input, secret, realm_id) VALUES ('password', 'password', true, true, 'master');
INSERT INTO public.redirect_uris (client_id, value) VALUES ('6215d8e8-fe8c-46c3-8406-7dcdd83850e7', '/realms/master/account/*');
INSERT INTO public.redirect_uris (client_id, value) VALUES ('7b2373a9-cb38-43c2-8d1c-a88c9a7ea991', '/realms/master/account/*');
INSERT INTO public.redirect_uris (client_id, value) VALUES ('56daa7e3-9305-47b7-bffc-52af35f0c83f', '/admin/master/console/*');
INSERT INTO public.required_action_provider (id, alias, name, realm_id, enabled, default_action, provider_id, priority) VALUES ('f50c9c48-c39a-4903-a93c-76439209d9cf', 'VERIFY_EMAIL', 'Verify Email', 'master', true, false, 'VERIFY_EMAIL', 50);
INSERT INTO public.required_action_provider (id, alias, name, realm_id, enabled, default_action, provider_id, priority) VALUES ('7573af21-69da-4526-9221-2e2060ece14e', 'UPDATE_PROFILE', 'Update Profile', 'master', true, false, 'UPDATE_PROFILE', 40);
INSERT INTO public.required_action_provider (id, alias, name, realm_id, enabled, default_action, provider_id, priority) VALUES ('7aac8b81-9165-4261-801d-38c5de9e5054', 'CONFIGURE_TOTP', 'Configure OTP', 'master', true, false, 'CONFIGURE_TOTP', 10);
INSERT INTO public.required_action_provider (id, alias, name, realm_id, enabled, default_action, provider_id, priority) VALUES ('839c4092-5d6d-4f7a-9817-21f4bbcf5d54', 'UPDATE_PASSWORD', 'Update Password', 'master', true, false, 'UPDATE_PASSWORD', 30);
INSERT INTO public.required_action_provider (id, alias, name, realm_id, enabled, default_action, provider_id, priority) VALUES ('99d74856-1653-4090-ac01-bfc061351e74', 'terms_and_conditions', 'Terms and Conditions', 'master', false, false, 'terms_and_conditions', 20);
INSERT INTO public.required_action_provider (id, alias, name, realm_id, enabled, default_action, provider_id, priority) VALUES ('d1297737-96d9-4e86-9891-8b21c8d3668f', 'update_user_locale', 'Update User Locale', 'master', true, false, 'update_user_locale', 1000);
INSERT INTO public.required_action_provider (id, alias, name, realm_id, enabled, default_action, provider_id, priority) VALUES ('9be30d5a-1ced-49c4-a62d-37492a418579', 'delete_account', 'Delete Account', 'master', false, false, 'delete_account', 60);
INSERT INTO public.scope_mapping (client_id, role_id) VALUES ('7b2373a9-cb38-43c2-8d1c-a88c9a7ea991', 'e60b6b42-7eed-4b67-affb-73aebfc3df67');
INSERT INTO public.user_role_mapping (role_id, user_id) VALUES ('fbb645c6-0c5c-4024-8e9f-069b701fcece', 'fd6015e6-e372-443d-8259-7f966f5bd754');
INSERT INTO public.user_role_mapping (role_id, user_id) VALUES ('5aeaec32-f12c-45c0-b59b-65b8631d1fa0', 'fd6015e6-e372-443d-8259-7f966f5bd754');
INSERT INTO public.web_origins (client_id, value) VALUES ('56daa7e3-9305-47b7-bffc-52af35f0c83f', '+');
